lead_id,created_date,first_name,last_name,email,title,persona,company,account_id,segment,region,employees,lead_source,partner,product_interest,is_existing_customer,intent_signals,status,mql_date,sal_date,mql_to_sal_hours,sql_date,converted_date,opportunity_id,disqualify_reason,owner
L-5000,2026-06-25,Sage,Hollis,sage.hollis@westfieldpay.example,VP Product,champion_product,Westfield Pay,ACC-1325,vertical_a,NA,426,Website Chat,,addon,False,chat_engaged@2026-07-04|chat_engaged@2026-07-01,Recycled,,,,,,,,Marketing Queue
L-5001,2026-08-04,Riley,Quill,riley.quill@prairiefirstpartners.example,Vendor Risk Manager,blocker_procurement,Prairie First Partners,ACC-1118,upper_mid_market,EMEA,16564,Event,,core,False,chat_engaged@2026-08-22,Recycled,,,,,,,,Marketing Queue
L-5002,2026-05-18,Morgan,Garrow,morgan.garrow@falconsystems.example,Chief Risk Officer,influencer_risk,Falcon Systems,ACC-1121,mid_market,NA,227,Event,,core,True,team_hiring@2026-05-28|champion_job_change@2026-06-01|content_download@2026-05-25,Disqualified,2026-05-19,2026-05-20,30,,,,Not ICP,SDR - Dana Lopes
L-5003,2026-05-20,Jordan,Garrow,jordan.garrow@falcongroup.example,"Director, Risk & Controls",influencer_risk,Falcon Group,ACC-1157,enterprise,NA,34209,Demo Request,,core,True,demo_request@2026-06-08,Disqualified,,,,,,,No Use Case,Marketing Queue
L-5004,2026-04-04,Riley,Alder,riley.alder@prairiefirststudio.example,Compliance Officer,influencer_risk,Prairie First Studio,ACC-1153,small_business,NA,180,Website Chat,,core,True,chat_engaged@2026-04-21|email_reply_positive@2026-04-11|chat_engaged@2026-04-18|chat_engaged@2026-04-08,Recycled,2026-04-07,2026-04-07,8,,,,,SDR - Alex Rivera
L-5005,2026-04-16,Quinn,Sutter,quinn.sutter@crescentstudio.example,SVP Digital,exec_buyer_digital,Crescent Studio,ACC-1011,small_business,NA,46,Outbound - Social Selling,,addon,False,chat_engaged@2026-04-26|chat_engaged@2026-04-17|competitor_renewal_window@2026-04-17,Converted,2026-04-19,2026-04-19,3,2026-05-05,2026-05-07,OPP-7000,,SDR - Alex Rivera
L-5006,2026-06-05,Jordan,Calloway,jordan.calloway@copperstatestudio.example,"Director, Revenue Strategy",exec_buyer_primary,Copper State Studio,ACC-1314,small_business,NA,247,Outbound - Social Selling,,core,True,email_reply_positive@2026-06-20,Disqualified,,,,,,,Not ICP,Marketing Queue
L-5007,2026-07-19,Logan,Quill,logan.quill@northgatesystems.example,Head of Digital Products,exec_buyer_digital,Northgate Systems,ACC-1406,mid_market,NA,433,Event,,core,True,competitor_renewal_window@2026-07-30,Disqualified,2026-07-20,2026-07-20,1,,,,,SDR - Eli Novak
L-5008,2026-05-04,Jamie,Ingram,jamie.ingram@ironwoodmarket.example,Senior Operations Manager,champion_practitioner,Ironwood Market,ACC-1183,vertical_b,NA,2880,Webinar,,addon,False,,Disqualified,,,,,,,Not ICP,Marketing Queue
L-5009,2026-04-05,Logan,Sutter,logan.sutter@westfieldpartners.example,SVP Digital,exec_buyer_digital,Westfield Partners,ACC-1181,upper_mid_market,NA,6189,Content Download,,addon,True,champion_job_change@2026-04-23|demo_request@2026-04-16,Recycled,,,,,,,,Marketing Queue
L-5010,2026-01-15,Kendall,Garrow,kendall.garrow@redwoodlabs.example,"VP, Revenue Operations",exec_buyer_primary,Redwood Labs,ACC-1119,small_business,NA,148,Partner Referral,Partner D,core,False,,Disqualified,,,,,,,No Use Case,Marketing Queue
L-5011,2026-03-18,Reese,Kestrel,reese.kestrel@falconmutual.example,Vendor Risk Manager,blocker_procurement,Falcon Mutual,ACC-1300,adjacent,NA,23450,Demo Request,,addon,True,demo_request@2026-03-20|champion_job_change@2026-03-30|chat_engaged@2026-03-28,Disqualified,,,,,,,No Use Case,Marketing Queue
L-5012,2026-04-29,Quinn,Alder,quinn.alder@tidewaterflow.example,Chief Risk Officer,influencer_risk,Tidewater Flow,ACC-1362,vertical_a,NA,1292,Webinar,,addon,False,content_download@2026-05-03,Recycled,2026-04-29,2026-04-29,3,,,,,SDR - Dana Lopes
L-5013,2026-02-13,Morgan,Kestrel,morgan.kestrel@ironwoodworks.example,"Director, Risk & Controls",influencer_risk,Ironwood Works,ACC-1072,mid_market,NA,271,Content Download,,core,True,champion_job_change@2026-02-18,Recycled,,,,,,,,Marketing Queue
L-5014,2026-07-21,Cameron,Rourke,cameron.rourke@harborviewstack.example,VP Product,champion_product,Harborview Stack,ACC-1000,vertical_a,NA,601,Outbound - Social Selling,,addon,False,pricing_page_visit@2026-08-03|competitor_renewal_window@2026-08-02,Recycled,,,,,,,,Marketing Queue
L-5015,2026-02-11,Riley,Calloway,riley.calloway@northgateco.example,Operations Analyst,champion_practitioner,Northgate Co,ACC-1083,small_business,NA,225,Website Chat,,core,False,chat_engaged@2026-02-19,Recycled,,,,,,,,Marketing Queue
L-5016,2026-09-09,Hayden,Fairbanks,hayden.fairbanks@arborindustries.example,Enterprise Architect,blocker_procurement,Arbor Industries,ACC-1173,upper_mid_market,NA,6223,Website Chat,,core,True,chat_engaged@2026-09-28,New,,,,,,,,Marketing Queue
L-5017,2026-05-29,Logan,Rourke,logan.rourke@evergreenplay.example,Head of Operations,exec_buyer_ops,Evergreen Play,ACC-1276,vertical_c,NA,3757,Paid Social,,addon,False,demo_request@2026-06-10,Recycled,2026-06-01,2026-06-01,2,2026-06-13,,,,SDR - Alex Rivera
L-5018,2026-06-03,Rowan,Pruitt,rowan.pruitt@stonebridgelabs.example,Head of Revenue,exec_buyer_primary,Stonebridge Labs,ACC-1105,small_business,NA,23,Demo Request,,core,True,demo_request@2026-06-12,Recycled,,,,,,,,Marketing Queue
L-5019,2026-08-21,Jamie,Ingram,jamie.ingram@unionsquareindustries.example,SVP Digital,exec_buyer_digital,Union Square Industries,ACC-1189,upper_mid_market,NA,13455,Website Chat,,core,False,chat_engaged@2026-08-29,Working,2026-08-23,2026-08-25,50,,,,,SDR - Eli Novak
L-5020,2026-09-29,Sage,Sutter,sage.sutter@lakeshorelabs.example,Senior Operations Manager,champion_practitioner,Lakeshore Labs,ACC-1031,small_business,NA,112,Outbound - Enrichment,,core,False,competitor_renewal_window@2026-10-01|webinar_attended@2026-10-01|content_download@2026-10-01|team_hiring@2026-09-30,New,,,,,,,,Marketing Queue
L-5021,2026-04-23,Hayden,Calloway,hayden.calloway@oakmontpay.example,"Director, Revenue Strategy",exec_buyer_primary,Oakmont Pay,ACC-1088,vertical_a,EMEA,992,Content Download,,addon,False,,Disqualified,,,,,,,,Marketing Queue
L-5022,2026-02-18,Emerson,Alder,emerson.alder@crescentnetwork.example,Head of Operations,exec_buyer_ops,Crescent Network,ACC-1413,vertical_b,NA,2530,Outbound - Enrichment,,addon,False,email_reply_positive@2026-02-28|content_download@2026-03-06,Recycled,,,,,,,,Marketing Queue
L-5023,2026-02-25,Hayden,Ingram,hayden.ingram@westfieldcorp.example,IT Procurement Lead,blocker_procurement,Westfield Corp,ACC-1290,upper_mid_market,NA,12025,Demo Request,,addon,True,demo_request@2026-03-06|email_reply_positive@2026-03-08,Recycled,2026-02-27,2026-02-27,20,2026-03-10,,,,SDR - Chen Wu
L-5024,2026-01-30,Parker,Dunmore,parker.dunmore@pinecrestholdings.example,"Director, IT Security",exec_buyer_security,Pinecrest Holdings,ACC-1353,enterprise,NA,36285,Outbound - Social Selling,,addon,False,champion_job_change@2026-01-30|champion_job_change@2026-02-08|content_download@2026-02-07,Recycled,,,,,,,,Marketing Queue
L-5025,2026-02-19,Sage,Lowry,sage.lowry@falconmedia.example,Head of Operations,exec_buyer_ops,Falcon Media,ACC-1373,vertical_c,NA,2948,Content Download,,addon,True,team_hiring@2026-03-06,Recycled,2026-02-21,2026-02-23,50,,,,,SDR - Alex Rivera
L-5026,2026-08-26,Riley,Alder,riley.alder@silverlineglobal.example,"Director, Revenue Strategy",exec_buyer_primary,Silverline Global,ACC-1127,enterprise,NA,83780,Website Chat,,addon,True,chat_engaged@2026-09-03|champion_job_change@2026-09-09|email_reply_positive@2026-09-07,SQL,2026-08-29,2026-08-31,50,2026-09-04,,,,SDR - Alex Rivera
L-5027,2026-07-21,Jamie,Garrow,jamie.garrow@crescentcloud.example,VP Product,champion_product,Crescent Cloud,ACC-1145,vertical_a,NA,2260,Website Chat,,addon,False,chat_engaged@2026-07-28,Recycled,2026-07-21,2026-07-22,30,,,,,SDR - Bri Okafor
L-5028,2026-05-25,Sage,Thorne,sage.thorne@prairiefirstflow.example,"Director, Risk & Controls",influencer_risk,Prairie First Flow,ACC-1129,vertical_a,NA,1059,Outbound - Enrichment,,addon,False,champion_job_change@2026-06-08|content_download@2026-05-31|competitor_renewal_window@2026-06-03,Disqualified,,,,,,,No Use Case,Marketing Queue
L-5029,2026-06-06,Skyler,Ingram,skyler.ingram@westfieldneo.example,Chief Risk Officer,influencer_risk,Westfield Neo,ACC-1311,vertical_a,NA,2655,Demo Request,,addon,False,demo_request@2026-06-14,Recycled,,,,,,,,Marketing Queue
L-5030,2026-07-30,Drew,Nash,drew.nash@sterlingpartners.example,IT Procurement Lead,blocker_procurement,Sterling Partners,ACC-1029,upper_mid_market,EMEA,5707,Event,,core,False,demo_request@2026-08-19|competitor_renewal_window@2026-08-08,Disqualified,2026-07-31,2026-08-02,50,,,,Bad Data,SDR - Bri Okafor
L-5031,2026-04-07,Casey,Ingram,casey.ingram@highlandgames.example,VP Product,champion_product,Highland Games,ACC-1430,vertical_c,EMEA,2549,Paid Social,,addon,False,,Disqualified,,,,,,,No Use Case,Marketing Queue
L-5032,2026-06-11,Reese,Orwell,reese.orwell@westfieldpartners.example,"Director, Digital Channels",exec_buyer_digital,Westfield Partners,ACC-1181,upper_mid_market,NA,6189,Outbound - Enrichment,,core,True,champion_job_change@2026-06-22|content_download@2026-06-29,Recycled,,,,,,,,Marketing Queue
L-5033,2026-08-04,Emerson,Ellery,emerson.ellery@cedarvalleyflow.example,Chief Risk Officer,influencer_risk,Cedar Valley Flow,ACC-1195,vertical_a,NA,2227,Website Chat,,addon,True,chat_engaged@2026-08-08|webinar_attended@2026-08-14|team_hiring@2026-08-22,Recycled,,,,,,,,Marketing Queue
L-5034,2026-02-03,Logan,Fairbanks,logan.fairbanks@bluemesamarket.example,Operations Lead,champion_practitioner,Blue Mesa Market,ACC-1160,vertical_b,,2010,Website Chat,,addon,False,chat_engaged@2026-02-08,Disqualified,2026-02-06,2026-02-06,20,,,,Existing Open Opp,SDR - Bri Okafor
L-5035,2026-01-12,Jamie,Hollis,jamie.hollis@summitridgeneo.example,Chief Risk Officer,influencer_risk,Summit Ridge Neo,ACC-1374,vertical_a,NA,1736,Event,,addon,False,email_reply_positive@2026-01-18|demo_request@2026-01-12,Recycled,2026-01-15,2026-01-17,50,,,,,SDR - Chen Wu
L-5036,2026-09-28,Parker,Lowry,parker.lowry@riverbendnetwork.example,VP Product,champion_product,Riverbend Network,ACC-1148,vertical_b,NA,4949,Partner Referral,Partner C,addon,True,pricing_page_visit@2026-10-01,Enriching,,,,,,,,Marketing Queue
L-5037,2026-03-13,Jordan,Marlow,jordan.marlow@bluemesaneo.example,"VP, Revenue Operations",exec_buyer_primary,Blue Mesa Neo,ACC-1116,vertical_a,EMEA,1452,Content Download,,addon,False,email_reply_positive@2026-03-18|chat_engaged@2026-03-24,Recycled,2026-03-13,2026-03-13,1,,,,,SDR - Dana Lopes
L-5038,2026-03-09,Avery,Jessup,avery.jessup@harborviewmedia.example,Head of Operations,exec_buyer_ops,Harborview Media,ACC-1227,vertical_c,NA,3172,Partner Referral,Partner C,addon,False,pricing_page_visit@2026-03-15,Disqualified,,,,,,,Competitor,Marketing Queue
L-5039,2026-03-06,Riley,Pruitt,riley.pruitt@harborviewhub.example,Operations Lead,champion_practitioner,Harborview Hub,ACC-1261,vertical_b,NA,1804,Paid Social,,addon,False,,Recycled,,,,,,,,Marketing Queue
L-5040,2026-03-28,Skyler,Hollis,skylerhollis@gmail.example,Marketing Coordinator,unknown,Union Square Agency,ACC-1209,other,NA,448,Website Chat,,addon,False,chat_engaged@2026-04-12,Disqualified,,,,,,,Not ICP,Marketing Queue
L-5041,2026-05-16,Emerson,Brooks,emerson.brooks@crescentpartners.example,Head of Revenue,exec_buyer_primary,Crescent Partners,ACC-1370,upper_mid_market,NA,11346,Content Download,,core,True,content_download@2026-05-24,Recycled,,,,,,,,Marketing Queue
L-5042,2026-02-22,Quinn,Kestrel,quinn.kestrel@silverlinesystems.example,SVP Digital,exec_buyer_digital,Silverline Systems,ACC-1378,mid_market,NA,483,Website Chat,,addon,False,chat_engaged@2026-03-14,Recycled,,,,,,,,Marketing Queue
L-5043,2026-07-28,Hayden,Fairbanks,hayden.fairbanks@evergreenworks.example,Operations Lead,champion_practitioner,Evergreen Works,ACC-1058,mid_market,NA,1490,Outbound - Social Selling,,core,True,team_hiring@2026-08-12,Disqualified,,,,,,,Not ICP,Marketing Queue
L-5044,2026-04-07,Riley,Nash,riley.nash@westfieldstack.example,VP Information Security,exec_buyer_security,Westfield Stack,ACC-1247,vertical_a,EMEA,2599,Outbound - Enrichment,,addon,False,demo_request@2026-04-11|competitor_renewal_window@2026-04-22,Recycled,,,,,,,,Marketing Queue
L-5045,2026-04-29,Jamie,Pruitt,jamie.pruitt@mapleleafgroup.example,IT Procurement Lead,blocker_procurement,Maple Leaf Group,ACC-1392,enterprise,NA,95153,Event,,addon,True,chat_engaged@2026-05-12,Recycled,2026-04-29,2026-04-29,1,,,,,SDR - Dana Lopes
L-5046,2026-02-12,Jordan,Quill,jordan.quill@arbornetwork.example,"Director, Operations",exec_buyer_ops,Arbor Network,ACC-1445,vertical_b,NA,3674,Outbound - Social Selling,,addon,False,champion_job_change@2026-02-20,Recycled,,,,,,,,Marketing Queue
L-5047,2026-08-21,Parker,Alder,parker.alder@falconflow.example,VP Information Security,exec_buyer_security,Falcon Flow,ACC-1045,vertical_a,APAC,704,Event,,addon,False,,Recycled,,,,,,,,Marketing Queue
L-5048,2026-09-22,Jamie,Orwell,jamie.orwell@tidewatercorp.example,Compliance Officer,influencer_risk,Tidewater Corp,ACC-1316,upper_mid_market,NA,16785,Partner Referral,Partner B,addon,True,competitor_renewal_window@2026-10-01|champion_job_change@2026-09-23,New,,,,,,,,Marketing Queue
L-5049,2026-04-28,Sage,Lowry,sage.lowry@evergreenworks.example,SVP Digital,exec_buyer_digital,Evergreen Works,ACC-1058,mid_market,NA,1490,Website Chat,,core,True,chat_engaged@2026-05-15,Disqualified,,,,,,,Competitor,Marketing Queue
L-5050,2026-04-15,Rowan,Garrow,rowan.garrow@oakmontmarket.example,Operations Lead,champion_practitioner,Oakmont Market,ACC-1130,vertical_b,EMEA,1566,Content Download,,addon,False,,Recycled,,,,,,,,Marketing Queue
L-5051,2026-03-09,Parker,Alder,parker.alder@silverlinehealth.example,Vendor Risk Manager,blocker_procurement,Silverline Health,ACC-1428,adjacent,NA,11622,Outbound - Social Selling,,addon,False,email_reply_positive@2026-03-13,Disqualified,,,,,,,No Use Case,Marketing Queue
L-5052,2026-03-11,Rowan,Nash,rowan.nash@ironwoodflow.example,Head of Revenue,exec_buyer_primary,Ironwood Flow,ACC-1354,vertical_a,NA,2911,Demo Request,,addon,False,demo_request@2026-03-27,Recycled,,,,,,,,Marketing Queue
L-5053,2026-03-16,Blake,Garrow,blake.garrow@westfieldco.example,Head of Revenue,exec_buyer_primary,Westfield Co,ACC-1231,small_business,NA,36,Outbound - Enrichment,,addon,True,email_reply_positive@2026-03-25|email_reply_positive@2026-03-26,Recycled,2026-03-17,2026-03-17,3,2026-03-30,,,,SDR - Eli Novak
L-5054,2026-05-31,Jordan,Garrow,jordan.garrow@northgateworks.example,Senior Operations Manager,champion_practitioner,Northgate Works,ACC-1245,mid_market,NA,204,Outbound - Enrichment,,addon,True,email_reply_positive@2026-06-03|demo_request@2026-06-12|pricing_page_visit@2026-06-01,Recycled,,,,,,,,Marketing Queue
L-5055,2026-07-07,Blake,Hollis,blake.hollis@arborco.example,"Director, Digital Channels",exec_buyer_digital,Arbor Co,ACC-1104,small_business,NA,283,Outbound - Social Selling,,core,True,,Disqualified,,,,,,,Competitor,Marketing Queue
L-5056,2026-07-22,Cameron,Sutter,cameron.sutter@mapleleafplay.example,Head of Operations,exec_buyer_ops,Maple Leaf Play,ACC-1024,vertical_c,EMEA,1272,Outbound - Enrichment,,addon,False,champion_job_change@2026-08-08|demo_request@2026-07-22|content_download@2026-07-28|competitor_renewal_window@2026-07-29,Disqualified,,,,,,,No Use Case,Marketing Queue
L-5057,2026-09-25,Blake,Ingram,blake.ingram@copperstatecollective.example,Student,unknown,Copper State Collective,ACC-1095,other,EMEA,385,Demo Request,,addon,False,demo_request@2026-10-01,Disqualified,,,,,,,Student/Job Seeker,Marketing Queue
L-5058,2026-06-19,Morgan,Kestrel,morgan.kestrel@cedarvalleystudio.example,Head of Revenue,exec_buyer_primary,Cedar Valley Studio,ACC-1020,small_business,NA,205,Website Chat,,core,False,chat_engaged@2026-07-04|email_reply_positive@2026-06-30,Recycled,,,,,,,,Marketing Queue
L-5059,2026-04-28,Kendall,Quill,kendall.quill@unionsquarecollective.example,Student,unknown,Union Square Collective,ACC-1047,other,NA,156,Content Download,,addon,False,champion_job_change@2026-05-09|content_download@2026-05-04,Recycled,,,,,,,,Marketing Queue
L-5060,2026-01-25,Drew,Rourke,drew.rourke@oakmontneo.example,"Director, Revenue Strategy",exec_buyer_primary,Oakmont Neo,ACC-1328,vertical_a,NA,1639,Event,,addon,False,chat_engaged@2026-02-06,Disqualified,2026-01-27,2026-01-29,50,,,,Existing Open Opp,SDR - Bri Okafor
L-5061,2026-02-23,Riley,Garrow,riley.garrow@keystonecloud.example,VP Product,champion_product,Keystone Cloud,ACC-1164,vertical_a,NA,622,Webinar,,addon,False,email_reply_positive@2026-03-12|demo_request@2026-03-15|chat_engaged@2026-03-01|webinar_attended@2026-03-08,Disqualified,,,,,,,Competitor,Marketing Queue
L-5062,2026-03-24,Morgan,Calloway,morgan.calloway@redwoodlive.example,"Head of Product, Platform",champion_product,Redwood Live,ACC-1382,vertical_c,EMEA,1361,Website Chat,,addon,False,chat_engaged@2026-03-25,Recycled,,,,,,,,Marketing Queue
L-5063,2026-08-23,Riley,Rourke,rileyrourke@gmail.example,Operations Analyst,champion_practitioner,Union Square Works,ACC-1208,mid_market,NA,55,Outbound - Enrichment,,core,True,demo_request@2026-09-04,Recycled,,,,,,,,Marketing Queue
L-5064,2026-02-28,Emerson,Marlow,emerson.marlow@ironwoodmarket.example,Senior Operations Manager,champion_practitioner,Ironwood Market,ACC-1183,vertical_b,NA,2880,Paid Social,,addon,False,content_download@2026-03-19|chat_engaged@2026-03-09,Recycled,,,,,,,,Marketing Queue
L-5065,2026-03-19,Casey,Dunmore,casey.dunmore@copperstateflow.example,Compliance Officer,influencer_risk,Copper State Flow,ACC-1407,vertical_a,EMEA,2998,Paid Social,,addon,False,champion_job_change@2026-03-19|email_reply_positive@2026-04-05,Recycled,2026-03-19,2026-03-19,6,2026-04-01,,,,SDR - Fran Moretti
L-5066,2026-03-18,Kendall,Ingram,kendall.ingram@clearwaterexchange.example,Operations Lead,champion_practitioner,Clearwater Exchange,ACC-1435,vertical_b,EMEA,3267,Webinar,,addon,False,,Disqualified,,,,,,,Competitor,Marketing Queue
L-5067,2026-02-08,Logan,Pruitt,logan.pruitt@meridiannetwork.example,VP Product,champion_product,Meridian Network,ACC-1037,vertical_b,NA,3924,Paid Social,,addon,False,,Recycled,,,,,,,,Marketing Queue
L-5068,2026-09-10,Casey,Sutter,casey.sutter@bayfrontpartners.example,"Director, Risk & Controls",influencer_risk,Bayfront Partners,ACC-1099,upper_mid_market,NA,8510,Outbound - Social Selling,,addon,True,content_download@2026-09-28,Working,2026-09-12,2026-09-12,4,,,,,SDR - Dana Lopes
L-5069,2026-03-14,Riley,Fairbanks,riley.fairbanks@sterlingcorp.example,Compliance Officer,influencer_risk,Sterling Corp,ACC-1141,upper_mid_market,NA,10171,Event,,addon,False,competitor_renewal_window@2026-03-28|champion_job_change@2026-03-23|competitor_renewal_window@2026-03-31,Recycled,,,,,,,,Marketing Queue
L-5070,2026-02-12,Blake,Ingram,blake.ingram@granitepeakindustries.example,"Director, Revenue Strategy",exec_buyer_primary,Granite Peak Industries,ACC-1375,upper_mid_market,NA,4090,Website Chat,,addon,False,chat_engaged@2026-03-02|team_hiring@2026-03-02|webinar_attended@2026-02-13,Recycled,,,,,,,,Marketing Queue
L-5071,2026-03-14,Cameron,Quill,cameronquill@gmail.example,"Director, Risk & Controls",influencer_risk,Granite Peak Industries,ACC-1375,upper_mid_market,NA,4090,Outbound - Social Selling,,core,False,chat_engaged@2026-03-26,Recycled,,,,,,,,Marketing Queue
L-5072,2026-09-09,Parker,Hollis,parker.hollis@arborneo.example,Head of Revenue,exec_buyer_primary,Arbor Neo,ACC-1289,vertical_a,NA,368,Event,,addon,False,,Working,2026-09-10,2026-09-12,50,,,,,SDR - Dana Lopes
L-5073,2026-06-19,Logan,Rourke,logan.rourke@evergreenco.example,Head of Digital Products,exec_buyer_digital,Evergreen Co,ACC-1023,small_business,NA,144,Demo Request,,addon,False,demo_request@2026-07-09|content_download@2026-06-27,Converted,2026-06-19,2026-06-21,50,2026-07-07,2026-07-10,OPP-7001,,SDR - Dana Lopes
L-5074,2026-01-08,Sage,Ingram,sage.ingram@harborviewstudio.example,Senior Operations Manager,champion_practitioner,Harborview Studio,ACC-1405,small_business,NA,237,Partner Referral,Partner B,addon,True,webinar_attended@2026-01-10,Disqualified,,,,,,,Competitor,Marketing Queue
L-5075,2026-09-08,Hayden,Alder,hayden.alder@tidewaterco.example,Head of Digital Products,exec_buyer_digital,Tidewater Co,ACC-1368,small_business,NA,38,Outbound - Social Selling,,core,True,pricing_page_visit@2026-09-28,SQL,2026-09-08,2026-09-08,3,2026-09-14,,,,SDR - Eli Novak
L-5076,2026-01-14,Casey,Sutter,casey.sutter@meridianlive.example,"Head of Product, Platform",champion_product,Meridian Live,ACC-1288,vertical_c,NA,815,Paid Social,,addon,False,webinar_attended@2026-01-28|competitor_renewal_window@2026-01-29|pricing_page_visit@2026-01-21|team_hiring@2026-02-02,Recycled,,,,,,,,Marketing Queue
L-5077,2026-02-09,Avery,Garrow,avery.garrow@summitridgeplay.example,"Head of Product, Platform",champion_product,Summit Ridge Play,ACC-1232,vertical_c,NA,2761,Content Download,,addon,False,pricing_page_visit@2026-02-12,Disqualified,,,,,,,Competitor,Marketing Queue
L-5078,2026-09-19,Blake,Alder,blake.alder@copperstatestudio.example,Head of Digital Products,exec_buyer_digital,Copper State Studio,ACC-1314,small_business,NA,247,Demo Request,,addon,True,demo_request@2026-10-01,Working,2026-09-21,2026-09-21,1,,,,,SDR - Dana Lopes
L-5079,2026-02-24,Parker,Hollis,parker.hollis@summitridgehub.example,Operations Analyst,champion_practitioner,Summit Ridge Hub,ACC-1179,vertical_b,EMEA,2453,Outbound - Enrichment,,addon,False,,Recycled,,,,,,,,Marketing Queue
L-5080,2026-09-29,Taylor,Kestrel,taylor.kestrel@clearwaterco.example,Head of Digital Products,exec_buyer_digital,Clearwater Co,ACC-1363,small_business,NA,121,Demo Request,,addon,False,demo_request@2026-10-01,New,,,,,,,,Marketing Queue
L-5081,2026-08-09,Blake,Pruitt,blake.pruitt@tidewaterindustries.example,Enterprise Architect,blocker_procurement,Tidewater Industries,ACC-1133,upper_mid_market,NA,5637,Event,,addon,False,team_hiring@2026-08-15|team_hiring@2026-08-26,Recycled,,,,,,,,Marketing Queue
L-5082,2026-03-06,Taylor,Quill,taylor.quill@evergreenstudio.example,"VP, Revenue Operations",exec_buyer_primary,Evergreen Studio,ACC-1203,small_business,NA,130,Content Download,,core,False,pricing_page_visit@2026-03-09,Disqualified,2026-03-06,2026-03-06,2,,,,No Use Case,SDR - Chen Wu
L-5083,2026-02-14,Kendall,Brooks,kendall.brooks@silverlineplay.example,"Director, Operations",exec_buyer_ops,Silverline Play,ACC-1113,vertical_c,NA,3854,Website Chat,,addon,False,chat_engaged@2026-03-05|email_reply_positive@2026-02-23,Recycled,,,,,,,,Marketing Queue
L-5084,2026-09-23,Avery,Fairbanks,avery.fairbanks@bayfrontpartners.example,"Director, Revenue Strategy",exec_buyer_primary,Bayfront Partners,ACC-1099,upper_mid_market,NA,8510,Partner Referral,Partner B,addon,True,demo_request@2026-10-01|webinar_attended@2026-10-01,Working,2026-09-26,2026-09-26,20,,,,,SDR - Fran Moretti
L-5085,2026-05-30,Kendall,Garrow,kendall.garrow@meridiansystems.example,SVP Digital,exec_buyer_digital,Meridian Systems,ACC-1035,mid_market,NA,726,Partner Referral,Partner C,core,True,content_download@2026-06-06,Recycled,2026-06-02,2026-06-04,50,2026-06-07,,,,SDR - Eli Novak
L-5086,2026-05-13,Riley,Ingram,riley.ingram@riverbendgames.example,"Head of Product, Platform",champion_product,Riverbend Games,ACC-1131,vertical_c,LATAM,3460,Outbound - Social Selling,,addon,False,competitor_renewal_window@2026-05-20|champion_job_change@2026-05-27|competitor_renewal_window@2026-05-31|demo_request@2026-05-28,Disqualified,,,,,,,Not ICP,Marketing Queue
L-5087,2026-05-19,Morgan,Rourke,morgan.rourke@copperstatelabs.example,SVP Digital,exec_buyer_digital,Copper State Labs,ACC-1180,small_business,NA,102,Content Download,,addon,True,team_hiring@2026-05-29,Recycled,2026-05-21,2026-05-21,3,,,,,SDR - Bri Okafor
L-5088,2026-05-20,Cameron,Ellery,cameron.ellery@cedarvalleyinsurance.example,"Director, IT Security",exec_buyer_security,Cedar Valley Insurance,ACC-1376,adjacent,NA,12559,Content Download,,addon,False,webinar_attended@2026-06-08,Recycled,2026-05-23,2026-05-23,1,,,,,SDR - Eli Novak
L-5089,2026-05-25,Sage,Ingram,sage.ingram@harborviewlabs.example,Senior Operations Manager,champion_practitioner,Harborview Labs,ACC-1161,small_business,NA,218,Outbound - Social Selling,,core,True,,Recycled,2026-05-28,2026-05-29,30,,,,,SDR - Fran Moretti
L-5090,2026-08-27,Taylor,Marlow,taylor.marlow@harborviewcorp.example,SVP Digital,exec_buyer_digital,Harborview Corp,ACC-1397,upper_mid_market,NA,14551,Demo Request,,addon,False,demo_request@2026-09-06|demo_request@2026-08-27,Converted,2026-08-29,2026-08-29,4,2026-09-09,2026-09-10,OPP-7002,,SDR - Dana Lopes
L-5091,2026-07-10,Casey,Sutter,casey.sutter@highlandindustries.example,Chief Risk Officer,influencer_risk,Highland Industries,ACC-1358,upper_mid_market,NA,19986,Outbound - Enrichment,,addon,True,pricing_page_visit@2026-07-28,Recycled,,,,,,,,Marketing Queue
L-5092,2026-03-22,Skyler,Pruitt,skyler.pruitt@falconinsurance.example,Vendor Risk Manager,blocker_procurement,Falcon Insurance,ACC-1074,adjacent,NA,21827,Outbound - Social Selling,,addon,False,pricing_page_visit@2026-04-04|competitor_renewal_window@2026-03-26|email_reply_positive@2026-04-08,Recycled,,,,,,,,Marketing Queue
L-5093,2026-09-05,Cameron,Lowry,cameron.lowry@granitepeakglobal.example,"Director, Digital Channels",exec_buyer_digital,Granite Peak Global,ACC-1110,enterprise,EMEA,182879,Demo Request,,addon,True,demo_request@2026-09-13,SQL,2026-09-08,2026-09-08,2,2026-09-20,,,,SDR - Fran Moretti
L-5094,2026-05-30,Emerson,Calloway,emerson.calloway@pinecrestworks.example,"Director, Revenue Strategy",exec_buyer_primary,Pinecrest Works,ACC-1332,mid_market,NA,1232,Event,,core,True,email_reply_positive@2026-06-14,Disqualified,,,,,,,No Use Case,Marketing Queue
L-5095,2026-02-10,Skyler,Jessup,skyler.jessup@unionsquareco.example,Operations Analyst,champion_practitioner,Union Square Co,ACC-1292,small_business,NA,48,Demo Request,,addon,False,demo_request@2026-02-20,Disqualified,2026-02-13,2026-02-13,8,,,,Existing Open Opp,SDR - Bri Okafor
L-5096,2026-05-13,Riley,Calloway,riley.calloway@highlandflow.example,"Director, Revenue Strategy",exec_buyer_primary,Highland Flow,ACC-1372,vertical_a,NA,1258,Demo Request,,addon,False,demo_request@2026-05-16,Recycled,2026-05-16,2026-05-18,50,,,,,SDR - Bri Okafor
L-5097,2026-06-12,Casey,Ellery,casey.ellery@unionsquarepartners.example,Senior Operations Manager,champion_practitioner,Union Square Partners,ACC-1043,upper_mid_market,NA,19213,Content Download,,core,False,content_download@2026-06-26,Disqualified,,,,,,,No Use Case,Marketing Queue
L-5098,2026-05-24,Blake,Fairbanks,blake.fairbanks@arbornetwork.example,Operations Lead,champion_practitioner,Arbor Network,ACC-1445,vertical_b,NA,3674,Partner Referral,Partner D,addon,False,,Disqualified,,,,,,,No Use Case,Marketing Queue
L-5099,2026-07-01,Reese,Lowry,reese.lowry@highlandagency.example,Student,unknown,Highland Agency,ACC-1273,other,EMEA,245,Outbound - Social Selling,,addon,False,chat_engaged@2026-07-15,Disqualified,,,,,,,Bad Data,Marketing Queue
L-5100,2026-09-02,Hayden,Jessup,hayden.jessup@highlandstudio.example,Compliance Officer,influencer_risk,Highland Studio,ACC-1176,small_business,NA,287,Partner Referral,Partner A,addon,True,competitor_renewal_window@2026-09-17|content_download@2026-09-02,SQL,2026-09-05,2026-09-05,20,2026-09-18,,,,SDR - Bri Okafor
L-5101,2026-08-09,Blake,Ingram,blake.ingram@bluemesaplay.example,Compliance Officer,influencer_risk,Blue Mesa Play,ACC-1134,vertical_c,NA,1972,Content Download,,addon,False,content_download@2026-08-18,Working,2026-08-11,2026-08-11,2,,,,,SDR - Fran Moretti
L-5102,2026-04-11,Jordan,Rourke,jordanrourke@gmail.example,Senior Operations Manager,champion_practitioner,Arbor Labs,ACC-1318,small_business,NA,170,Event,,addon,True,,Converted,2026-04-14,2026-04-14,1,2026-04-18,2026-04-19,OPP-7003,,SDR - Dana Lopes
L-5103,2026-01-21,Casey,Brooks,casey.brooks@silverlineindustries.example,Operations Lead,champion_practitioner,Silverline Industries,ACC-1190,upper_mid_market,EMEA,7255,Event,,addon,True,,Recycled,2026-01-23,2026-01-23,20,,,,,SDR - Bri Okafor
L-5104,2026-05-11,Taylor,Pruitt,taylor.pruitt@bluemesaagency.example,Marketing Coordinator,unknown,Blue Mesa Agency,ACC-1197,other,NA,322,Website Chat,,addon,False,chat_engaged@2026-05-27,Disqualified,,,,,,,Competitor,Marketing Queue
L-5105,2026-06-06,Riley,Hollis,riley.hollis@prairiefirstflow.example,VP Information Security,exec_buyer_security,Prairie First Flow,ACC-1129,vertical_a,NA,1059,Content Download,,addon,False,demo_request@2026-06-12,Converted,2026-06-08,2026-06-08,2,2026-06-13,2026-06-13,OPP-7004,,SDR - Dana Lopes
L-5106,2026-07-14,Kendall,Kestrel,kendall.kestrel@oakmontsolutions.example,Head of Revenue,exec_buyer_primary,Oakmont Solutions,ACC-1352,mid_market,NA,1242,Demo Request,,core,False,demo_request@2026-07-16,Recycled,2026-07-15,2026-07-17,50,,,,,SDR - Eli Novak
L-5107,2026-08-17,Rowan,Lowry,rowan.lowry@sterlinglabs.example,"Director, Risk & Controls",influencer_risk,Sterling Labs,ACC-1403,small_business,NA,161,Content Download,,core,False,,Recycled,,,,,,,,Marketing Queue
L-5108,2026-04-10,Kendall,Rourke,kendall.rourke@clearwaterindustries.example,"Director, Digital Channels",exec_buyer_digital,Clearwater Industries,ACC-1250,upper_mid_market,NA,4458,Partner Referral,Partner C,addon,False,competitor_renewal_window@2026-04-18,Recycled,2026-04-12,2026-04-14,50,,,,,SDR - Dana Lopes
L-5109,2026-01-14,Rowan,Garrow,rowan.garrow@granitepeakindustries.example,SVP Digital,exec_buyer_digital,Granite Peak Industries,ACC-1375,upper_mid_market,NA,4090,Event,,core,False,webinar_attended@2026-01-24|chat_engaged@2026-01-31,Recycled,,,,,,,,Marketing Queue
L-5110,2026-01-27,Jordan,Garrow,jordan.garrow@summitridgelabs.example,"Director, Digital Channels",exec_buyer_digital,Summit Ridge Labs,ACC-1049,small_business,NA,254,Webinar,,core,False,,Disqualified,,,,,,,Competitor,Marketing Queue
L-5111,2026-05-16,Taylor,Pruitt,taylor.pruitt@meridianinsurance.example,IT Procurement Lead,blocker_procurement,Meridian Insurance,ACC-1359,adjacent,NA,5110,Website Chat,,addon,False,chat_engaged@2026-05-16,Disqualified,,,,,,,No Use Case,Marketing Queue
L-5112,2026-02-03,Morgan,Garrow,morgan.garrow@unionsquarelabs.example,Chief Risk Officer,influencer_risk,Union Square Labs,ACC-1420,small_business,NA,105,Paid Social,,core,True,chat_engaged@2026-02-12,Recycled,,,,,,,,Marketing Queue
L-5113,2026-08-05,Quinn,Fairbanks,quinn.fairbanks@silverlinestudio.example,Head of Revenue,exec_buyer_primary,Silverline Studio,ACC-1291,small_business,NA,238,Demo Request,,core,False,demo_request@2026-08-19|team_hiring@2026-08-08,Working,2026-08-08,2026-08-08,8,,,,,SDR - Chen Wu
L-5114,2026-08-13,Drew,Lowry,drew.lowry@riverbendglobal.example,IT Procurement Lead,blocker_procurement,Riverbend Global,ACC-1211,enterprise,NA,130352,Event,,addon,False,email_reply_positive@2026-08-19|team_hiring@2026-08-30,Working,2026-08-13,2026-08-13,6,,,,,SDR - Alex Rivera
L-5115,2026-04-24,Drew,Rourke,drew.rourke@prairiefirststudio.example,Head of Revenue,exec_buyer_primary,Prairie First Studio,ACC-1153,small_business,NA,180,Event,,core,True,,Converted,2026-04-27,2026-04-27,8,2026-05-03,2026-05-07,OPP-7005,,SDR - Chen Wu
L-5116,2026-07-28,Logan,Dunmore,logan.dunmore@unionsquarecollective.example,IT Procurement Lead,blocker_procurement,Union Square Collective,ACC-1047,other,NA,156,Content Download,,addon,False,champion_job_change@2026-08-12|pricing_page_visit@2026-08-12,Recycled,,,,,,,,Marketing Queue
L-5117,2026-08-06,Reese,Quill,reese.quill@bluemesalabs.example,Operations Lead,champion_practitioner,Blue Mesa Labs,ACC-1178,small_business,NA,61,Demo Request,,core,True,demo_request@2026-08-26|demo_request@2026-08-26|team_hiring@2026-08-07,Recycled,2026-08-07,2026-08-07,3,2026-08-20,,,,SDR - Eli Novak
L-5118,2026-04-28,Casey,Kestrel,casey.kestrel@arborexchange.example,Head of Operations,exec_buyer_ops,Arbor Exchange,ACC-1258,vertical_b,NA,4823,Outbound - Enrichment,,addon,False,team_hiring@2026-05-02,Recycled,2026-05-01,2026-05-01,6,2026-05-11,,,,SDR - Dana Lopes
L-5119,2026-09-11,Jamie,Calloway,jamie.calloway@lakeshoregames.example,Chief Risk Officer,influencer_risk,Lakeshore Games,ACC-1286,vertical_c,NA,3248,Outbound - Enrichment,,addon,True,webinar_attended@2026-09-28|email_reply_positive@2026-09-18,New,,,,,,,,Marketing Queue
L-5120,2026-08-09,Kendall,Alder,kendall.alder@oakmontworks.example,Senior Operations Manager,champion_practitioner,Oakmont Works,ACC-1343,mid_market,NA,1017,Event,,addon,True,champion_job_change@2026-08-20,Disqualified,,,,,,,No Use Case,Marketing Queue
L-5121,2026-04-17,Morgan,Dunmore,morgan.dunmore@meridianpartners.example,SVP Digital,exec_buyer_digital,Meridian Partners,ACC-1022,upper_mid_market,EMEA,12646,Event,,core,True,,Disqualified,,,,,,,Not ICP,Marketing Queue
L-5122,2026-09-03,Taylor,Rourke,taylor.rourke@bluemesasolutions.example,Operations Lead,champion_practitioner,Blue Mesa Solutions,ACC-1156,mid_market,NA,1103,Website Chat,,addon,False,chat_engaged@2026-09-09,New,,,,,,,,Marketing Queue
L-5123,2026-01-14,Jordan,Jessup,jordan.jessup@sterlingmedia.example,VP Product,champion_product,Sterling Media,ACC-1357,vertical_c,NA,2490,Outbound - Enrichment,,addon,False,email_reply_positive@2026-01-15|content_download@2026-01-19,Converted,2026-01-17,2026-01-17,1,2026-01-29,2026-02-03,OPP-7006,,SDR - Alex Rivera
L-5124,2026-05-03,Parker,Thorne,parker.thorne@oakmontlabs.example,Operations Lead,champion_practitioner,Oakmont Labs,ACC-1149,small_business,NA,138,Outbound - Enrichment,,addon,True,chat_engaged@2026-05-13,Disqualified,,,,,,,Not ICP,Marketing Queue
L-5125,2026-09-12,Reese,Hollis,reese.hollis@bluemesasolutions.example,Compliance Officer,influencer_risk,Blue Mesa Solutions,ACC-1156,mid_market,NA,1103,Outbound - Enrichment,,addon,False,demo_request@2026-09-23|champion_job_change@2026-09-23,New,,,,,,,,Marketing Queue
L-5126,2026-05-28,Rowan,Ellery,rowan.ellery@summitridgepay.example,"Head of Product, Platform",champion_product,Summit Ridge Pay,ACC-1417,vertical_a,NA,1435,Content Download,,addon,False,,Disqualified,,,,,,,Competitor,Marketing Queue
L-5127,2026-03-24,Blake,Garrow,blake.garrow@falconholdings.example,Operations Analyst,champion_practitioner,Falcon Holdings,ACC-1123,enterprise,NA,75605,Outbound - Enrichment,,core,True,champion_job_change@2026-04-07|email_reply_positive@2026-03-28|webinar_attended@2026-04-13|pricing_page_visit@2026-04-11,Recycled,2026-03-25,2026-03-25,3,2026-04-04,,,,SDR - Chen Wu
L-5128,2026-01-20,Taylor,Dunmore,taylor.dunmore@falconcorp.example,"Director, Digital Channels",exec_buyer_digital,Falcon Corp,ACC-1429,upper_mid_market,EMEA,9264,Event,,addon,True,team_hiring@2026-02-02|content_download@2026-02-03|content_download@2026-01-24,Disqualified,,,,,,,Competitor,Marketing Queue
L-5129,2026-02-14,Kendall,Pruitt,kendall.pruitt@arborworks.example,Chief Risk Officer,influencer_risk,Arbor Works,ACC-1013,mid_market,NA,1459,Outbound - Social Selling,,addon,False,,Recycled,,,,,,,,Marketing Queue
L-5130,2026-05-23,Morgan,Fairbanks,morgan.fairbanks@unionsquareagency.example,Student,unknown,Union Square Agency,ACC-1209,other,NA,448,Outbound - Enrichment,,addon,False,webinar_attended@2026-05-29,Recycled,,,,,,,,Marketing Queue
L-5131,2026-01-26,Jordan,Quill,jordan.quill@redwoodcorp.example,Operations Lead,champion_practitioner,Redwood Corp,ACC-1218,upper_mid_market,NA,8987,Outbound - Enrichment,,core,True,team_hiring@2026-02-14|email_reply_positive@2026-02-11,Recycled,,,,,,,,Marketing Queue
L-5132,2026-09-26,Reese,Jessup,reese.jessup@cedarvalleystudio.example,Senior Operations Manager,champion_practitioner,Cedar Valley Studio,ACC-1020,small_business,NA,205,Website Chat,,core,False,chat_engaged@2026-10-01,New,,,,,,,,Marketing Queue
L-5133,2026-02-20,Logan,Rourke,logan.rourke@summitridgesolutions.example,Operations Lead,champion_practitioner,Summit Ridge Solutions,ACC-1424,mid_market,NA,510,Partner Referral,Partner A,addon,False,,Recycled,2026-02-23,2026-02-23,4,,,,,SDR - Fran Moretti
L-5134,2026-03-09,Cameron,Calloway,cameron.calloway@summitridgeindustries.example,SVP Digital,exec_buyer_digital,Summit Ridge Industries,ACC-1364,upper_mid_market,NA,5937,Demo Request,,core,False,demo_request@2026-03-29,Disqualified,2026-03-12,2026-03-12,1,,,,No Use Case,SDR - Bri Okafor
L-5135,2026-04-06,Reese,Fairbanks,reese.fairbanks@mapleleaflabs3.example,Head of Revenue,exec_buyer_primary,Maple Leaf Labs 3,ACC-1444,small_business,NA,94,Website Chat,,core,True,chat_engaged@2026-04-20,Converted,2026-04-08,2026-04-08,1,2026-04-23,2026-04-23,OPP-7007,,SDR - Bri Okafor
L-5136,2026-09-05,Kendall,Alder,kendall.alder@crescentcorp.example,Vendor Risk Manager,blocker_procurement,Crescent Corp,ACC-1111,upper_mid_market,NA,8642,Outbound - Social Selling,,core,False,chat_engaged@2026-09-24,Working,2026-09-06,2026-09-06,1,,,,,SDR - Fran Moretti
L-5137,2026-06-23,Quinn,Jessup,quinn.jessup@sterlingco.example,Chief Risk Officer,influencer_risk,Sterling Co,ACC-1295,small_business,NA,80,Demo Request,,core,False,demo_request@2026-06-28,Disqualified,,,,,,,No Use Case,Marketing Queue
L-5138,2026-06-19,Casey,Dunmore,casey.dunmore@crescentcountyservices.example,"Director, Risk & Controls",influencer_risk,Crescent County Services,ACC-1393,adjacent,EMEA,6074,Event,,addon,True,chat_engaged@2026-07-02|email_reply_positive@2026-06-21|content_download@2026-07-04,Recycled,,,,,,,,Marketing Queue
L-5139,2026-02-18,Sage,Sutter,sage.sutter@sterlingpartners.example,Head of Revenue,exec_buyer_primary,Sterling Partners,ACC-1029,upper_mid_market,EMEA,5707,Outbound - Social Selling,,core,False,content_download@2026-03-03|champion_job_change@2026-02-26,Recycled,,,,,,,,Marketing Queue
L-5140,2026-05-04,Jordan,Kestrel,jordan.kestrel@keystonelabs.example,"VP, Revenue Operations",exec_buyer_primary,Keystone Labs,ACC-1252,small_business,NA,87,Paid Social,,core,False,demo_request@2026-05-07|demo_request@2026-05-18|chat_engaged@2026-05-10|team_hiring@2026-05-17,Converted,2026-05-05,2026-05-05,6,2026-05-08,2026-05-12,OPP-7008,,SDR - Alex Rivera
L-5141,2026-06-28,Skyler,Pruitt,skyler.pruitt@oakmontco.example,"Director, Risk & Controls",influencer_risk,Oakmont Co,ACC-1351,small_business,NA,13,Outbound - Enrichment,,core,True,demo_request@2026-07-03|webinar_attended@2026-07-08,Disqualified,2026-07-01,2026-07-03,50,,,,Duplicate,SDR - Alex Rivera
L-5142,2026-06-07,Morgan,Ellery,morgan.ellery@redwoodindustries.example,Vendor Risk Manager,blocker_procurement,Redwood Industries,ACC-1427,upper_mid_market,NA,15431,Event,,addon,True,demo_request@2026-06-13|champion_job_change@2026-06-18,Disqualified,,,,,,,Competitor,Marketing Queue
L-5143,2026-06-11,Jamie,Lowry,jamie.lowry@tidewatercloud.example,"Head of Product, Platform",champion_product,Tidewater Cloud,ACC-1304,vertical_a,NA,383,Event,,addon,True,content_download@2026-06-24|chat_engaged@2026-06-26,Converted,2026-06-13,2026-06-13,3,2026-06-27,2026-06-28,OPP-7009,,SDR - Eli Novak
L-5144,2026-09-18,Parker,Quill,parker.quill@redwoodsystems.example,Operations Lead,champion_practitioner,Redwood Systems,ACC-1012,mid_market,NA,384,Webinar,,core,False,,New,,,,,,,,Marketing Queue
L-5145,2026-01-23,Avery,Jessup,avery.jessup@clearwaterstack.example,"VP, Revenue Operations",exec_buyer_primary,Clearwater Stack,ACC-1067,vertical_a,NA,636,Outbound - Social Selling,,addon,False,email_reply_positive@2026-01-26,Converted,2026-01-23,2026-01-23,8,2026-01-25,2026-01-30,OPP-7010,,SDR - Eli Novak
L-5146,2026-04-22,Blake,Kestrel,blake.kestrel@mapleleafconsulting.example,Marketing Coordinator,unknown,Maple Leaf Consulting,ACC-1388,other,EMEA,43,Event,,addon,False,content_download@2026-04-30,Disqualified,,,,,,,Not ICP,Marketing Queue
L-5147,2026-04-20,Reese,Sutter,reese.sutter@arborlabs.example,"Director, Digital Channels",exec_buyer_digital,Arbor Labs,ACC-1318,small_business,,170,Partner Referral,Partner C,addon,True,content_download@2026-04-24,Recycled,,,,,,,,Marketing Queue
L-5148,2026-07-20,Kendall,Sutter,kendall.sutter@lakeshorecloud.example,"Group PM, Core Platform",champion_product,Lakeshore Cloud,ACC-1025,vertical_a,NA,691,Website Chat,,addon,False,chat_engaged@2026-07-25,Recycled,2026-07-22,2026-07-22,6,2026-07-27,,,,SDR - Alex Rivera
L-5149,2026-03-13,Jamie,Hollis,jamie.hollis@redwoodcountyservices.example,Compliance Officer,influencer_risk,Redwood County Services,ACC-1386,adjacent,NA,24211,Demo Request,,addon,False,demo_request@2026-03-16|competitor_renewal_window@2026-03-22|competitor_renewal_window@2026-03-28,Recycled,2026-03-15,2026-03-15,20,2026-03-31,,,,SDR - Dana Lopes
L-5150,2026-02-07,Parker,Orwell,parker.orwell@prairiefirstneo.example,"Group PM, Core Platform",champion_product,Prairie First Neo,ACC-1249,vertical_a,NA,1921,Outbound - Social Selling,,addon,False,,Recycled,2026-02-08,2026-02-10,50,2026-02-25,,,,SDR - Fran Moretti
L-5151,2026-08-29,Quinn,Pruitt,quinn.pruitt@crescentsolutions.example,"Director, Risk & Controls",influencer_risk,Crescent Solutions,ACC-1036,mid_market,NA,488,Outbound - Enrichment,,addon,False,webinar_attended@2026-09-17|webinar_attended@2026-09-15,Recycled,,,,,,,,Marketing Queue
L-5152,2026-04-03,Blake,Dunmore,blake.dunmore@pinecresthub.example,"Director, Operations",exec_buyer_ops,Pinecrest Hub,ACC-1355,vertical_b,NA,1859,Demo Request,,addon,False,demo_request@2026-04-06|competitor_renewal_window@2026-04-13,Recycled,,,,,,,,Marketing Queue
L-5153,2026-02-05,Avery,Ellery,avery.ellery@clearwatercountyservices.example,"Director, Risk & Controls",influencer_risk,Clearwater County Services,ACC-1167,adjacent,EMEA,14832,Demo Request,,addon,False,demo_request@2026-02-23,Converted,2026-02-08,2026-02-08,4,2026-02-24,2026-02-28,OPP-7011,,SDR - Chen Wu
L-5154,2026-02-19,Jordan,Lowry,jordan.lowry@summitridgepartners.example,Compliance Officer,influencer_risk,Summit Ridge Partners,ACC-1222,upper_mid_market,APAC,19905,Website Chat,,core,True,chat_engaged@2026-03-03|pricing_page_visit@2026-02-28,Disqualified,,,,,,,No Use Case,Marketing Queue
L-5155,2026-05-05,Rowan,Marlow,rowan.marlow@copperstateglobal.example,"Director, Revenue Strategy",exec_buyer_primary,Copper State Global,ACC-1443,enterprise,LATAM,54580,Outbound - Enrichment,,core,False,team_hiring@2026-05-25|champion_job_change@2026-05-17,Converted,2026-05-06,2026-05-08,50,2026-05-24,2026-05-27,OPP-7012,,SDR - Bri Okafor
L-5156,2026-02-10,Casey,Calloway,casey.calloway@prairiefirstcorp.example,Head of Revenue,exec_buyer_primary,Prairie First Corp,ACC-1068,upper_mid_market,EMEA,8383,Website Chat,,addon,False,chat_engaged@2026-02-23,Disqualified,,,,,,,No Use Case,Marketing Queue
L-5157,2026-08-23,Kendall,Alder,kendall.alder@oakmontexchange.example,VP Product,champion_product,Oakmont Exchange,ACC-1260,vertical_b,NA,4362,Outbound - Enrichment,,addon,True,pricing_page_visit@2026-09-05,Working,2026-08-25,2026-08-25,20,,,,,SDR - Alex Rivera
L-5158,2026-07-12,Emerson,Quill,emerson.quill@westfieldcorp.example,Senior Operations Manager,champion_practitioner,Westfield Corp,ACC-1290,upper_mid_market,NA,12025,Demo Request,,core,True,demo_request@2026-07-16|email_reply_positive@2026-07-20,Disqualified,2026-07-12,2026-07-14,50,,,,No Use Case,SDR - Eli Novak
L-5159,2026-09-02,Skyler,Nash,skyler.nash@oakmontstudio.example,SVP Digital,exec_buyer_digital,Oakmont Studio,ACC-1398,small_business,NA,81,Outbound - Social Selling,,addon,False,competitor_renewal_window@2026-09-20,Working,2026-09-02,2026-09-02,6,,,,,SDR - Fran Moretti
L-5160,2026-04-01,Parker,Calloway,parker.calloway@granitepeakgames.example,"Head of Product, Platform",champion_product,Granite Peak Games,ACC-1242,vertical_c,EMEA,362,Website Chat,,addon,False,chat_engaged@2026-04-20|demo_request@2026-04-10,Recycled,,,,,,,,Marketing Queue
L-5161,2026-01-12,Drew,Hollis,drew.hollis@sterlinggroup.example,Head of Digital Products,exec_buyer_digital,Sterling Group,ACC-1439,enterprise,NA,140179,Demo Request,,core,False,demo_request@2026-01-26|champion_job_change@2026-01-17,Recycled,2026-01-12,2026-01-12,3,,,,,SDR - Dana Lopes
L-5162,2026-03-31,Jordan,Fairbanks,jordan.fairbanks@falconsystems.example,Operations Lead,champion_practitioner,Falcon Systems,ACC-1121,mid_market,NA,227,Content Download,,addon,True,champion_job_change@2026-04-01|content_download@2026-04-03,Disqualified,,,,,,,Competitor,Marketing Queue
L-5163,2026-09-04,Hayden,Alder,hayden.alder@unionsquarecorp.example,Operations Lead,champion_practitioner,Union Square Corp,ACC-1361,upper_mid_market,NA,18318,Paid Social,,addon,True,,New,,,,,,,,Marketing Queue
L-5164,2026-07-05,Riley,Ingram,riley.ingram@riverbendneo.example,VP Product,champion_product,Riverbend Neo,ACC-1021,vertical_a,EMEA,77,Outbound - Enrichment,,addon,False,content_download@2026-07-15|content_download@2026-07-13,Disqualified,,,,,,,Competitor,Marketing Queue
L-5165,2026-04-07,Avery,Nash,avery.nash@unionsquaresolutions.example,"Director, Risk & Controls",influencer_risk,Union Square Solutions,ACC-1266,mid_market,NA,447,Event,,addon,True,demo_request@2026-04-09,Recycled,2026-04-09,2026-04-09,6,2026-04-11,,,,SDR - Fran Moretti
L-5166,2026-03-08,Logan,Fairbanks,logan.fairbanks@redwoodindustries.example,"Director, Digital Channels",exec_buyer_digital,Redwood Industries,ACC-1427,upper_mid_market,NA,15431,Demo Request,,addon,True,demo_request@2026-03-20,Disqualified,2026-03-08,2026-03-09,30,,,,Duplicate,SDR - Chen Wu
L-5167,2026-02-11,Drew,Ingram,drew.ingram@riverbendgames.example,"Director, Risk & Controls",influencer_risk,Riverbend Games,ACC-1131,vertical_c,LATAM,3460,Paid Social,,addon,False,team_hiring@2026-02-23|champion_job_change@2026-02-12,Recycled,,,,,,,,Marketing Queue
L-5168,2026-03-19,Drew,Dunmore,drew.dunmore@tidewaterpay.example,VP Product,champion_product,Tidewater Pay,ACC-1251,vertical_a,NA,2371,Partner Referral,Partner D,addon,False,chat_engaged@2026-04-02,Disqualified,,,,,,,Not ICP,Marketing Queue
L-5169,2026-01-05,Logan,Alder,logan.alder@summitridgemarket.example,Operations Analyst,champion_practitioner,Summit Ridge Market,ACC-1334,vertical_b,NA,3662,Website Chat,,addon,False,chat_engaged@2026-01-09|champion_job_change@2026-01-17,Recycled,,,,,,,,Marketing Queue
L-5170,2026-01-06,Morgan,Lowry,morgan.lowry@evergreenplay.example,Compliance Officer,influencer_risk,Evergreen Play,ACC-1276,vertical_c,NA,3757,Outbound - Enrichment,,addon,False,competitor_renewal_window@2026-01-09|email_reply_positive@2026-01-17|champion_job_change@2026-01-15|team_hiring@2026-01-07,Recycled,2026-01-09,2026-01-09,6,,,,,SDR - Fran Moretti
L-5171,2026-07-23,Emerson,Garrow,emerson.garrow@mapleleaflive.example,Head of Operations,exec_buyer_ops,Maple Leaf Live,ACC-1097,vertical_c,NA,1174,Demo Request,,addon,False,demo_request@2026-08-07|chat_engaged@2026-08-12,Recycled,,,,,,,,Marketing Queue
L-5172,2026-09-17,Taylor,Quill,taylor.quill@harborviewstudio.example,Chief Risk Officer,influencer_risk,Harborview Studio,ACC-1405,small_business,NA,237,Partner Referral,Partner D,core,True,demo_request@2026-09-18|champion_job_change@2026-09-18|champion_job_change@2026-09-18|team_hiring@2026-09-20,New,,,,,,,,Marketing Queue
L-5173,2026-03-18,Casey,Alder,casey.alder@copperstatelive.example,VP Product,champion_product,Copper State Live,ACC-1018,vertical_c,NA,616,Outbound - Social Selling,,addon,False,competitor_renewal_window@2026-04-06|demo_request@2026-03-25,Recycled,2026-03-18,2026-03-19,30,,,,,SDR - Alex Rivera
L-5174,2026-02-06,Riley,Sutter,riley.sutter@granitepeakworks.example,"VP, Revenue Operations",exec_buyer_primary,Granite Peak Works,ACC-1254,mid_market,NA,946,Content Download,,core,False,team_hiring@2026-02-16,Recycled,,,,,,,,Marketing Queue
L-5175,2026-08-05,Logan,Brooks,logan.brooks@silverlineconsulting.example,Marketing Coordinator,unknown,Silverline Consulting,ACC-1140,other,NA,383,Webinar,,addon,False,email_reply_positive@2026-08-10|competitor_renewal_window@2026-08-12,Disqualified,,,,,,,Student/Job Seeker,Marketing Queue
L-5176,2026-01-08,Logan,Jessup,logan.jessup@prairiefirstneo.example,"Head of Product, Platform",champion_product,Prairie First Neo,ACC-1249,vertical_a,NA,1921,Website Chat,,addon,False,chat_engaged@2026-01-28,Disqualified,,,,,,,Not ICP,Marketing Queue
L-5177,2026-08-03,Hayden,Alder,hayden.alder@mapleleafcollective.example,Office Manager,unknown,Maple Leaf Collective,ACC-1267,other,LATAM,423,Content Download,,addon,False,demo_request@2026-08-22|pricing_page_visit@2026-08-18|chat_engaged@2026-08-23|content_download@2026-08-14,Disqualified,,,,,,,Competitor,Marketing Queue
L-5178,2026-05-26,Parker,Fairbanks,parker.fairbanks@northgatecorp.example,Head of Digital Products,exec_buyer_digital,Northgate Corp,ACC-1394,upper_mid_market,NA,18750,Website Chat,,core,True,chat_engaged@2026-06-10,Recycled,,,,,,,,Marketing Queue
L-5179,2026-01-27,Parker,Quill,parker.quill@oakmontstack.example,CISO,exec_buyer_security,Oakmont Stack,ACC-1315,vertical_a,EMEA,1444,Demo Request,,addon,False,demo_request@2026-02-01|pricing_page_visit@2026-01-27,Recycled,,,,,,,,Marketing Queue
L-5180,2026-06-20,Hayden,Garrow,hayden.garrow@redwoodlive.example,"Group PM, Core Platform",champion_product,Redwood Live,ACC-1382,vertical_c,EMEA,1361,Content Download,,addon,False,champion_job_change@2026-06-27|chat_engaged@2026-06-27,Recycled,2026-06-23,2026-06-23,1,,,,,SDR - Dana Lopes
L-5181,2026-07-15,Cameron,Ingram,cameron.ingram@lakeshoreflow.example,"Director, IT Security",exec_buyer_security,Lakeshore Flow,ACC-1091,vertical_a,NA,1029,Webinar,,addon,True,webinar_attended@2026-08-04,Recycled,,,,,,,,Marketing Queue
L-5182,2026-04-02,Quinn,Thorne,quinn.thorne@silverlinelabs.example,Senior Operations Manager,champion_practitioner,Silverline Labs,ACC-1234,small_business,,259,Event,,core,False,content_download@2026-04-21,Disqualified,2026-04-05,2026-04-05,4,,,,Student/Job Seeker,SDR - Fran Moretti
L-5183,2026-05-11,Casey,Sutter,casey.sutter@bluemesacorp.example,Head of Digital Products,exec_buyer_digital,Blue Mesa Corp,ACC-1446,upper_mid_market,EMEA,14083,Event,,core,True,webinar_attended@2026-05-29,Converted,2026-05-14,2026-05-16,50,2026-05-26,2026-05-31,OPP-7013,,SDR - Dana Lopes
L-5184,2026-01-11,Quinn,Orwell,quinn.orwell@falconholdings.example,"Director, Revenue Strategy",exec_buyer_primary,Falcon Holdings,ACC-1123,enterprise,NA,75605,Outbound - Enrichment,,core,True,pricing_page_visit@2026-01-22|content_download@2026-01-18|chat_engaged@2026-01-11|competitor_renewal_window@2026-01-20,Recycled,,,,,,,,Marketing Queue
L-5185,2026-07-13,Skyler,Quill,skyler.quill@lakeshoreplay.example,"Director, Risk & Controls",influencer_risk,Lakeshore Play,ACC-1207,vertical_c,EMEA,2320,Outbound - Social Selling,,addon,False,demo_request@2026-08-02|chat_engaged@2026-07-25,Disqualified,2026-07-14,2026-07-14,2,,,,Bad Data,SDR - Fran Moretti
L-5186,2026-03-02,Cameron,Fairbanks,cameron.fairbanks@summitridgelive.example,Chief Risk Officer,influencer_risk,Summit Ridge Live,ACC-1186,vertical_c,EMEA,3748,Outbound - Enrichment,,addon,False,demo_request@2026-03-13,Disqualified,,,,,,,Not ICP,Marketing Queue
L-5187,2026-09-06,Sage,Nash,sage.nash@evergreenplay.example,"Director, Risk & Controls",influencer_risk,Evergreen Play,ACC-1276,vertical_c,NA,3757,Content Download,,addon,False,webinar_attended@2026-09-16|champion_job_change@2026-09-14,Working,2026-09-09,2026-09-11,50,,,,,SDR - Eli Novak
L-5188,2026-06-03,Morgan,Marlow,morgan.marlow@meridiancorp.example,Enterprise Architect,blocker_procurement,Meridian Corp,ACC-1347,upper_mid_market,NA,5016,Outbound - Social Selling,,core,False,chat_engaged@2026-06-09|competitor_renewal_window@2026-06-05,Disqualified,2026-06-05,2026-06-05,2,,,,Competitor,SDR - Fran Moretti
L-5189,2026-08-06,Avery,Jessup,avery.jessup@crescentstudio.example,"Director, Risk & Controls",influencer_risk,Crescent Studio,ACC-1011,small_business,NA,46,Partner Referral,Partner B,core,False,team_hiring@2026-08-20,Recycled,,,,,,,,Marketing Queue
L-5190,2026-06-21,Reese,Sutter,reese.sutter@pinecrestmarket.example,Operations Analyst,champion_practitioner,Pinecrest Market,ACC-1175,vertical_b,EMEA,4421,Outbound - Social Selling,,addon,False,email_reply_positive@2026-07-08|competitor_renewal_window@2026-07-05,Disqualified,2026-06-23,2026-06-23,4,,,,Duplicate,SDR - Chen Wu
L-5191,2026-03-31,Quinn,Hollis,quinn.hollis@crescentcloud.example,"Director, IT Security",exec_buyer_security,Crescent Cloud,ACC-1145,vertical_a,NA,2260,Webinar,,addon,False,content_download@2026-04-05|pricing_page_visit@2026-04-04,Recycled,2026-04-03,2026-04-03,6,2026-04-08,,,,SDR - Chen Wu
L-5192,2026-08-22,Rowan,Pruitt,rowan.pruitt@falconco.example,"Director, Risk & Controls",influencer_risk,Falcon Co,ACC-1075,small_business,NA,152,Partner Referral,Partner B,addon,True,chat_engaged@2026-08-22,Working,2026-08-24,2026-08-24,6,,,,,SDR - Fran Moretti
L-5193,2026-06-27,Reese,Alder,reese.alder@falconco.example,Operations Analyst,champion_practitioner,Falcon Co,ACC-1075,small_business,NA,152,Demo Request,,addon,True,demo_request@2026-07-01|email_reply_positive@2026-06-30,Recycled,2026-06-29,2026-06-29,1,,,,,SDR - Chen Wu
L-5194,2026-02-16,Parker,Kestrel,parker.kestrel@tidewaterstudio.example,Head of Digital Products,exec_buyer_digital,Tidewater Studio,ACC-1100,small_business,NA,222,Partner Referral,Partner D,core,True,chat_engaged@2026-03-04|team_hiring@2026-02-22,Recycled,,,,,,,,Marketing Queue
L-5195,2026-07-14,Emerson,Rourke,emerson.rourke@unionsquareindustries.example,Operations Analyst,champion_practitioner,Union Square Industries,ACC-1189,upper_mid_market,NA,13455,Website Chat,,addon,False,chat_engaged@2026-07-23,Recycled,,,,,,,,Marketing Queue
L-5196,2026-08-10,Logan,Thorne,logan.thorne@lakeshorecollective.example,Vendor Risk Manager,blocker_procurement,Lakeshore Collective,ACC-1412,other,EMEA,430,Outbound - Enrichment,,addon,False,,Disqualified,,,,,,,Bad Data,Marketing Queue
L-5197,2026-02-19,Quinn,Rourke,quinn.rourke@ironwoodhub.example,"Head of Product, Platform",champion_product,Ironwood Hub,ACC-1302,vertical_b,NA,1044,Website Chat,,addon,False,chat_engaged@2026-03-04,Recycled,,,,,,,,Marketing Queue
L-5198,2026-01-26,Avery,Ellery,avery.ellery@unionsquareexchange.example,"Head of Product, Platform",champion_product,Union Square Exchange,ACC-1283,vertical_b,NA,3799,Paid Social,,addon,True,content_download@2026-02-10|email_reply_positive@2026-02-09|webinar_attended@2026-01-26,Recycled,,,,,,,,Marketing Queue
L-5199,2026-09-13,Drew,Pruitt,drew.pruitt@granitepeakneo.example,"Director, Revenue Strategy",exec_buyer_primary,Granite Peak Neo,ACC-1213,vertical_a,NA,2728,Content Download,,addon,False,,New,,,,,,,,Marketing Queue
L-5200,2026-09-05,Quinn,Sutter,quinn.sutter@sterlingindustries.example,Compliance Officer,influencer_risk,Sterling Industries,ACC-1223,upper_mid_market,EMEA,3185,Demo Request,,core,False,demo_request@2026-09-13,SQL,2026-09-05,2026-09-05,6,2026-09-17,,,,SDR - Chen Wu
L-5201,2026-02-13,Skyler,Kestrel,skyler.kestrel@copperstateconsulting.example,IT Procurement Lead,blocker_procurement,Copper State Consulting,ACC-1271,other,NA,196,Partner Referral,Partner B,addon,False,pricing_page_visit@2026-02-16|pricing_page_visit@2026-03-02,Disqualified,,,,,,,Bad Data,Marketing Queue
L-5202,2026-03-19,Parker,Nash,parker.nash@summitridgelabs.example,Chief Risk Officer,influencer_risk,Summit Ridge Labs,ACC-1049,small_business,NA,254,Website Chat,,core,False,chat_engaged@2026-03-30,Recycled,2026-03-20,2026-03-20,4,,,,,SDR - Alex Rivera
L-5203,2026-01-13,Emerson,Thorne,emerson.thorne@unionsquareflow.example,"Director, Revenue Strategy",exec_buyer_primary,Union Square Flow,ACC-1419,vertical_a,NA,793,Outbound - Social Selling,,addon,False,champion_job_change@2026-01-17,Recycled,2026-01-15,2026-01-15,1,,,,,SDR - Bri Okafor
L-5204,2026-06-11,Riley,Calloway,rileycalloway@gmail.example,Head of Revenue,exec_buyer_primary,Oakmont Solutions,ACC-1352,mid_market,NA,1242,Webinar,,addon,False,chat_engaged@2026-06-24,Recycled,2026-06-11,2026-06-11,1,,,,,SDR - Alex Rivera
L-5205,2026-01-10,Cameron,Alder,cameron.alder@bluemesacloud.example,"Director, Risk & Controls",influencer_risk,Blue Mesa Cloud,ACC-1033,vertical_a,NA,1414,Demo Request,,addon,True,demo_request@2026-01-28|webinar_attended@2026-01-15,Disqualified,,,,,,,No Use Case,Marketing Queue
L-5206,2026-05-08,Logan,Alder,logan.alder@copperstateexchange.example,Operations Analyst,champion_practitioner,Copper State Exchange,ACC-1399,vertical_b,EMEA,2840,Partner Referral,Partner A,addon,False,,Recycled,,,,,,,,Marketing Queue
L-5207,2026-04-24,Riley,Fairbanks,riley.fairbanks@summitridgestack.example,"Head of Product, Platform",champion_product,Summit Ridge Stack,ACC-1371,vertical_a,APAC,2779,Partner Referral,Partner D,addon,False,pricing_page_visit@2026-05-08,Converted,2026-04-25,2026-04-25,20,2026-05-02,2026-05-02,OPP-7014,,SDR - Chen Wu
L-5208,2026-01-25,Reese,Orwell,reese.orwell@evergreenhealth.example,Compliance Officer,influencer_risk,Evergreen Health,ACC-1360,adjacent,NA,23691,Demo Request,,addon,False,demo_request@2026-02-06,Recycled,,,,,,,,Marketing Queue
L-5209,2026-04-11,Rowan,Orwell,rowan.orwell@cedarvalleycollective.example,Marketing Coordinator,unknown,Cedar Valley Collective,ACC-1437,other,NA,147,Demo Request,,addon,False,demo_request@2026-04-22|pricing_page_visit@2026-04-11|competitor_renewal_window@2026-04-14,Disqualified,,,,,,,Student/Job Seeker,Marketing Queue
L-5210,2026-02-07,Logan,Sutter,logan.sutter@bluemesacollective.example,Office Manager,unknown,Blue Mesa Collective,ACC-1379,other,APAC,361,Event,,addon,False,champion_job_change@2026-02-13|team_hiring@2026-02-10|webinar_attended@2026-02-20|competitor_renewal_window@2026-02-15,Disqualified,,,,,,,Student/Job Seeker,Marketing Queue
L-5211,2026-03-21,Drew,Pruitt,drew.pruitt@keystonestudio.example,Compliance Officer,influencer_risk,Keystone Studio,ACC-1248,small_business,NA,165,Outbound - Social Selling,,core,False,,Recycled,2026-03-21,2026-03-21,2,,,,,SDR - Eli Novak
L-5212,2026-03-24,Emerson,Garrow,emerson.garrow@meridiancorp.example,Compliance Officer,influencer_risk,Meridian Corp,ACC-1347,upper_mid_market,NA,5016,Paid Social,,addon,False,chat_engaged@2026-03-26|email_reply_positive@2026-04-08,Recycled,2026-03-24,2026-03-24,1,,,,,SDR - Dana Lopes
L-5213,2026-01-23,Parker,Nash,parker.nash@stonebridgemedia.example,"Director, Operations",exec_buyer_ops,Stonebridge Media,ACC-1226,vertical_c,EMEA,3511,Website Chat,,addon,False,chat_engaged@2026-01-28,Recycled,,,,,,,,Marketing Queue
L-5214,2026-03-26,Rowan,Thorne,rowan.thorne@mapleleafcorp.example,IT Procurement Lead,blocker_procurement,Maple Leaf Corp,ACC-1243,upper_mid_market,APAC,12948,Partner Referral,Partner A,addon,True,competitor_renewal_window@2026-04-13,Recycled,,,,,,,,Marketing Queue
L-5215,2026-06-28,Cameron,Lowry,cameron.lowry@bluemesalabs.example,SVP Digital,exec_buyer_digital,Blue Mesa Labs,ACC-1178,small_business,NA,61,Outbound - Enrichment,,core,True,,Recycled,2026-06-30,2026-06-30,2,,,,,SDR - Chen Wu
L-5216,2026-06-20,Sage,Nash,sage.nash@evergreennetwork.example,"Director, Operations",exec_buyer_ops,Evergreen Network,ACC-1086,vertical_b,NA,1800,Website Chat,,addon,False,chat_engaged@2026-07-08,Disqualified,,,,,,,No Use Case,Marketing Queue
L-5217,2026-09-12,Skyler,Fairbanks,skyler.fairbanks@summitridgeco.example,SVP Digital,exec_buyer_digital,Summit Ridge Co,ACC-1293,small_business,NA,44,Demo Request,,addon,True,demo_request@2026-09-22|competitor_renewal_window@2026-09-28,Converted,2026-09-12,2026-09-14,50,2026-09-20,2026-09-24,OPP-7015,,SDR - Eli Novak
L-5218,2026-02-22,Hayden,Garrow,hayden.garrow@arborcloud.example,"Group PM, Core Platform",champion_product,Arbor Cloud,ACC-1380,vertical_a,NA,1189,Event,,addon,False,email_reply_positive@2026-03-09,Recycled,,,,,,,,Marketing Queue
L-5219,2026-04-17,Blake,Fairbanks,blake.fairbanks@evergreenplay.example,"Director, Operations",exec_buyer_ops,Evergreen Play,ACC-1276,vertical_c,NA,3757,Outbound - Enrichment,,addon,False,email_reply_positive@2026-05-01,Recycled,,,,,,,,Marketing Queue
L-5220,2026-02-04,Casey,Jessup,casey.jessup@silverlinepay.example,"Director, IT Security",exec_buyer_security,Silverline Pay,ACC-1137,vertical_a,LATAM,515,Partner Referral,Partner B,addon,False,pricing_page_visit@2026-02-11,Disqualified,,,,,,,Competitor,Marketing Queue
L-5221,2026-03-28,Casey,Garrow,caseygarrow@gmail.example,"Director, Risk & Controls",influencer_risk,Stonebridge Partners,ACC-1136,upper_mid_market,NA,6471,Paid Social,,addon,True,webinar_attended@2026-04-09|webinar_attended@2026-03-31,Recycled,,,,,,,,Marketing Queue
L-5222,2026-03-27,Drew,Ingram,drew.ingram@copperstatelive.example,Chief Risk Officer,influencer_risk,Copper State Live,ACC-1018,vertical_c,NA,616,Paid Social,,addon,False,,Disqualified,,,,,,,No Use Case,Marketing Queue
L-5223,2026-06-14,Riley,Sutter,riley.sutter@falconmarket.example,"Director, Operations",exec_buyer_ops,Falcon Market,ACC-1440,vertical_b,EMEA,3308,Paid Social,,addon,False,team_hiring@2026-06-25|chat_engaged@2026-06-26|pricing_page_visit@2026-06-21,Recycled,2026-06-16,2026-06-17,30,,,,,SDR - Chen Wu
L-5224,2026-05-05,Taylor,Ingram,taylor.ingram@tidewatersolutions.example,Senior Operations Manager,champion_practitioner,Tidewater Solutions,ACC-1426,mid_market,NA,1160,Outbound - Enrichment,,core,False,chat_engaged@2026-05-10,Recycled,,,,,,,,Marketing Queue
L-5225,2026-09-05,Jamie,Ingram,jamie.ingram@mapleleaflabs.example,Operations Lead,champion_practitioner,Maple Leaf Labs,ACC-1279,small_business,NA,269,Content Download,,addon,False,pricing_page_visit@2026-09-16|competitor_renewal_window@2026-09-16|content_download@2026-09-05|demo_request@2026-09-06,New,,,,,,,,Marketing Queue
L-5226,2026-08-19,Rowan,Ingram,rowan.ingram@copperstateglobal.example,VP Information Security,exec_buyer_security,Copper State Global,ACC-1443,enterprise,LATAM,54580,Outbound - Enrichment,,core,False,,Working,2026-08-20,2026-08-21,30,,,,,SDR - Dana Lopes
L-5227,2026-05-25,Quinn,Ingram,quinn.ingram@northgatenetwork.example,Head of Operations,exec_buyer_ops,Northgate Network,ACC-1404,vertical_b,EMEA,1313,Demo Request,,addon,False,demo_request@2026-06-09|team_hiring@2026-06-04|team_hiring@2026-05-28,Disqualified,,,,,,,Competitor,Marketing Queue
L-5228,2026-04-09,Reese,Kestrel,reese.kestrel@pinecrestcorp.example,"Director, Revenue Strategy",exec_buyer_primary,Pinecrest Corp,ACC-1390,upper_mid_market,NA,6448,Outbound - Social Selling,,core,True,pricing_page_visit@2026-04-09|team_hiring@2026-04-15,Disqualified,2026-04-10,2026-04-10,20,,,,Existing Open Opp,SDR - Bri Okafor
L-5229,2026-06-21,Hayden,Lowry,hayden.lowry@tidewaterindustries.example,Head of Digital Products,exec_buyer_digital,Tidewater Industries,ACC-1133,upper_mid_market,NA,5637,Paid Social,,core,False,,Recycled,2026-06-21,2026-06-23,50,,,,,SDR - Bri Okafor
L-5230,2026-04-01,Drew,Ellery,drew.ellery@bluemesaplay.example,"Head of Product, Platform",champion_product,Blue Mesa Play,ACC-1134,vertical_c,NA,1972,Website Chat,,addon,False,chat_engaged@2026-04-20,Recycled,,,,,,,,Marketing Queue
L-5231,2026-09-15,Drew,Jessup,drew.jessup@ironwoodco.example,Senior Operations Manager,champion_practitioner,Ironwood Co,ACC-1395,small_business,NA,265,Demo Request,,addon,False,demo_request@2026-09-21,New,,,,,,,,Marketing Queue
L-5232,2026-08-07,Reese,Ingram,reese.ingram@highlandflow.example,Head of Revenue,exec_buyer_primary,Highland Flow,ACC-1372,vertical_a,NA,1258,Webinar,,addon,False,pricing_page_visit@2026-08-07,Recycled,2026-08-10,2026-08-10,2,2026-08-14,,,,SDR - Fran Moretti
L-5233,2026-07-20,Jordan,Brooks,jordan.brooks@riverbendconsulting.example,Vendor Risk Manager,blocker_procurement,Riverbend Consulting,ACC-1108,other,NA,388,Outbound - Enrichment,,addon,False,content_download@2026-07-22|chat_engaged@2026-08-06,Disqualified,,,,,,,Competitor,Marketing Queue
L-5234,2026-09-20,Casey,Rourke,casey.rourke@mapleleafworks.example,Compliance Officer,influencer_risk,Maple Leaf Works,ACC-1002,mid_market,NA,104,Outbound - Enrichment,,core,False,team_hiring@2026-10-01,New,,,,,,,,Marketing Queue
L-5235,2026-06-16,Riley,Kestrel,riley.kestrel@clearwaterstack.example,"Head of Product, Platform",champion_product,Clearwater Stack,ACC-1067,vertical_a,NA,636,Partner Referral,Partner D,addon,False,,Disqualified,,,,,,,Competitor,Marketing Queue
L-5236,2026-05-20,Parker,Ellery,parker.ellery@evergreenmarket.example,VP Product,champion_product,Evergreen Market,ACC-1144,vertical_b,NA,2217,Partner Referral,Partner C,addon,False,pricing_page_visit@2026-05-30,Recycled,,,,,,,,Marketing Queue
L-5237,2026-01-23,Riley,Pruitt,riley.pruitt@cedarvalleyhub.example,Head of Operations,exec_buyer_ops,Cedar Valley Hub,ACC-1117,vertical_b,NA,3491,Outbound - Social Selling,,addon,False,competitor_renewal_window@2026-02-05,Recycled,,,,,,,,Marketing Queue
L-5238,2026-02-21,Avery,Quill,avery.quill@keystonesolutions.example,"Director, Risk & Controls",influencer_risk,Keystone Solutions,ACC-1063,mid_market,NA,154,Content Download,,core,True,pricing_page_visit@2026-02-26|email_reply_positive@2026-03-01|webinar_attended@2026-03-11,Recycled,2026-02-24,2026-02-24,2,,,,,SDR - Alex Rivera
L-5239,2026-02-28,Morgan,Orwell,morgan.orwell@redwoodnetwork.example,"Head of Product, Platform",champion_product,Redwood Network,ACC-1201,vertical_b,NA,1315,Event,,addon,False,,Disqualified,,,,,,,Competitor,Marketing Queue
L-5240,2026-08-24,Blake,Thorne,blake.thorne@meridianpartners.example,Enterprise Architect,blocker_procurement,Meridian Partners,ACC-1022,upper_mid_market,EMEA,12646,Event,,core,True,pricing_page_visit@2026-08-30|demo_request@2026-09-13|content_download@2026-09-03|demo_request@2026-08-26,Converted,2026-08-27,2026-08-27,2,2026-09-01,2026-09-04,OPP-7016,,SDR - Bri Okafor
L-5241,2026-09-13,Riley,Lowry,riley.lowry@redwoodagency.example,Office Manager,unknown,Redwood Agency,ACC-1061,other,NA,314,Outbound - Enrichment,,addon,False,content_download@2026-10-01|pricing_page_visit@2026-09-24,New,,,,,,,,Marketing Queue
L-5242,2026-07-12,Jordan,Quill,jordan.quill@riverbendcollective.example,Office Manager,unknown,Riverbend Collective,ACC-1046,other,NA,361,Webinar,,addon,False,team_hiring@2026-07-14,Disqualified,,,,,,,Bad Data,Marketing Queue
L-5243,2026-06-02,Casey,Ellery,casey.ellery@highlandneo.example,"Group PM, Core Platform",champion_product,Highland Neo,ACC-1269,vertical_a,EMEA,1197,Outbound - Social Selling,,addon,True,competitor_renewal_window@2026-06-11,Recycled,2026-06-05,2026-06-05,6,,,,,SDR - Alex Rivera
L-5244,2026-08-04,Drew,Sutter,drew.sutter@harborviewhub.example,VP Product,champion_product,Harborview Hub,ACC-1261,vertical_b,NA,1804,Demo Request,,addon,False,demo_request@2026-08-15,Working,2026-08-07,2026-08-07,3,,,,,SDR - Alex Rivera
L-5245,2026-06-14,Quinn,Garrow,quinn.garrow@granitepeakneo.example,Chief Risk Officer,influencer_risk,Granite Peak Neo,ACC-1213,vertical_a,NA,2728,Outbound - Social Selling,,addon,False,competitor_renewal_window@2026-07-03|content_download@2026-06-24,Disqualified,,,,,,,Not ICP,Marketing Queue
L-5246,2026-03-05,Rowan,Thorne,rowan.thorne@mapleleafworks.example,Senior Operations Manager,champion_practitioner,Maple Leaf Works,ACC-1002,mid_market,NA,104,Website Chat,,addon,False,chat_engaged@2026-03-19,Disqualified,,,,,,,Competitor,Marketing Queue
L-5247,2026-03-15,Avery,Garrow,avery.garrow@arboragency.example,Student,unknown,Arbor Agency,ACC-1044,other,NA,253,Website Chat,,addon,False,chat_engaged@2026-03-21,Disqualified,,,,,,,Bad Data,Marketing Queue
L-5248,2026-08-30,Quinn,Ellery,quinn.ellery@arboragency.example,Student,unknown,Arbor Agency,ACC-1044,other,NA,253,Webinar,,addon,False,demo_request@2026-09-02,Disqualified,,,,,,,Not ICP,Marketing Queue
L-5249,2026-07-24,Hayden,Nash,hayden.nash@keystonemedia.example,"Director, Operations",exec_buyer_ops,Keystone Media,ACC-1103,vertical_c,NA,2039,Website Chat,,addon,True,chat_engaged@2026-08-13,Recycled,,,,,,,,Marketing Queue
L-5250,2026-09-24,Avery,Nash,avery.nash@crescentindustries.example,Senior Operations Manager,champion_practitioner,Crescent Industries,ACC-1204,upper_mid_market,NA,13253,Outbound - Social Selling,,addon,True,demo_request@2026-10-01,New,,,,,,,,Marketing Queue
L-5251,2026-07-01,Parker,Lowry,parker.lowry@unionsquareconsulting.example,Office Manager,unknown,Union Square Consulting,ACC-1059,other,NA,288,Outbound - Social Selling,,addon,False,demo_request@2026-07-06|content_download@2026-07-07,Disqualified,,,,,,,Bad Data,Marketing Queue
L-5252,2026-07-23,Morgan,Pruitt,morgan.pruitt@clearwaterstack.example,Compliance Officer,influencer_risk,Clearwater Stack,ACC-1067,vertical_a,NA,636,Outbound - Enrichment,,addon,False,champion_job_change@2026-08-07|pricing_page_visit@2026-08-11|webinar_attended@2026-08-01,Recycled,,,,,,,,Marketing Queue
L-5253,2026-04-22,Skyler,Nash,skyler.nash@clearwaterconsulting.example,Consultant,unknown,Clearwater Consulting,ACC-1155,other,NA,166,Partner Referral,Partner A,addon,False,champion_job_change@2026-04-30|champion_job_change@2026-04-27|pricing_page_visit@2026-05-08|demo_request@2026-04-24,Disqualified,,,,,,,Student/Job Seeker,Marketing Queue
L-5254,2026-01-28,Riley,Dunmore,riley.dunmore@evergreensolutions.example,"Director, Risk & Controls",influencer_risk,Evergreen Solutions,ACC-1401,mid_market,NA,517,Partner Referral,Partner C,core,True,email_reply_positive@2026-02-16|chat_engaged@2026-01-29|competitor_renewal_window@2026-02-11,Recycled,,,,,,,,Marketing Queue
L-5255,2026-07-09,Casey,Lowry,casey.lowry@crescentco.example,"VP, Revenue Operations",exec_buyer_primary,Crescent Co,ACC-1060,small_business,NA,78,Webinar,,core,True,competitor_renewal_window@2026-07-25|competitor_renewal_window@2026-07-12,Converted,2026-07-12,2026-07-12,1,2026-07-26,2026-07-28,OPP-7017,,SDR - Chen Wu
L-5256,2026-07-08,Sage,Nash,sage.nash@silverlineindustries.example,Operations Lead,champion_practitioner,Silverline Industries,ACC-1190,upper_mid_market,EMEA,7255,Content Download,,addon,True,,Recycled,,,,,,,,Marketing Queue
L-5257,2026-01-20,Avery,Quill,avery.quill@northgatesystems.example,Chief Risk Officer,influencer_risk,Northgate Systems,ACC-1406,mid_market,NA,433,Outbound - Social Selling,,addon,True,,Disqualified,,,,,,,No Use Case,Marketing Queue
L-5258,2026-02-03,Skyler,Lowry,skylerlowry@gmail.example,"Director, Revenue Strategy",exec_buyer_primary,Tidewater Stack,ACC-1338,vertical_a,NA,2982,Partner Referral,Partner C,addon,False,email_reply_positive@2026-02-12,Recycled,2026-02-04,2026-02-04,20,2026-02-09,,,,SDR - Fran Moretti
L-5259,2026-06-30,Skyler,Marlow,skyler.marlow@stonebridgemedia.example,VP Product,champion_product,Stonebridge Media,ACC-1226,vertical_c,EMEA,3511,Outbound - Enrichment,,addon,False,content_download@2026-07-02|demo_request@2026-07-17,Converted,2026-07-02,2026-07-02,4,2026-07-12,2026-07-14,OPP-7018,,SDR - Alex Rivera
L-5260,2026-05-17,Drew,Quill,drew.quill@clearwatermarket.example,Operations Lead,champion_practitioner,Clearwater Market,ACC-1014,vertical_b,NA,312,Content Download,,addon,False,content_download@2026-05-30|email_reply_positive@2026-05-20|demo_request@2026-05-28,Recycled,,,,,,,,Marketing Queue
L-5261,2026-06-27,Logan,Ellery,logan.ellery@mapleleafworks.example,Senior Operations Manager,champion_practitioner,Maple Leaf Works,ACC-1002,mid_market,NA,104,Content Download,,core,False,email_reply_positive@2026-07-16|webinar_attended@2026-07-08|content_download@2026-07-06,Recycled,2026-06-28,2026-06-28,8,,,,,SDR - Alex Rivera
L-5262,2026-08-10,Cameron,Quill,cameron.quill@unionsquarecollective.example,Office Manager,unknown,Union Square Collective,ACC-1047,other,NA,156,Webinar,,addon,False,competitor_renewal_window@2026-08-12,Recycled,,,,,,,,Marketing Queue
L-5263,2026-08-06,Casey,Pruitt,casey.pruitt@oakmontsolutions.example,Operations Analyst,champion_practitioner,Oakmont Solutions,ACC-1352,mid_market,NA,1242,Webinar,,core,False,,Recycled,,,,,,,,Marketing Queue
L-5264,2026-03-06,Cameron,Sutter,cameron.sutter@lakeshoregames.example,"Director, Operations",exec_buyer_ops,Lakeshore Games,ACC-1286,vertical_c,NA,3248,Outbound - Enrichment,,addon,True,,Converted,2026-03-08,2026-03-08,8,2026-03-17,2026-03-18,OPP-7019,,SDR - Alex Rivera
L-5265,2026-04-25,Jordan,Nash,jordan.nash@bluemesasolutions.example,"Director, Risk & Controls",influencer_risk,Blue Mesa Solutions,ACC-1156,mid_market,NA,1103,Webinar,,addon,False,competitor_renewal_window@2026-04-25|chat_engaged@2026-05-12|champion_job_change@2026-04-27,Disqualified,,,,,,,No Use Case,Marketing Queue
L-5266,2026-09-20,Kendall,Thorne,kendall.thorne@clearwaterstack.example,"VP, Revenue Operations",exec_buyer_primary,Clearwater Stack,ACC-1067,vertical_a,NA,636,Outbound - Social Selling,,addon,False,competitor_renewal_window@2026-09-24|champion_job_change@2026-09-22,Working,2026-09-20,2026-09-21,30,,,,,SDR - Fran Moretti
L-5267,2026-03-09,Kendall,Rourke,kendall.rourke@redwoodsystems.example,"Director, Risk & Controls",influencer_risk,Redwood Systems,ACC-1012,mid_market,,384,Partner Referral,Partner A,core,False,,Recycled,,,,,,,,Marketing Queue
L-5268,2026-01-14,Blake,Thorne,blake.thorne@cedarvalleysolutions.example,Head of Revenue,exec_buyer_primary,Cedar Valley Solutions,ACC-1272,mid_market,NA,509,Paid Social,,addon,True,webinar_attended@2026-02-01|competitor_renewal_window@2026-01-16,Recycled,,,,,,,,Marketing Queue
L-5269,2026-07-19,Riley,Rourke,riley.rourke@redwoodsystems.example,"Director, Risk & Controls",influencer_risk,Redwood Systems,ACC-1012,mid_market,NA,384,Paid Social,,addon,False,,Recycled,,,,,,,,Marketing Queue
L-5270,2026-06-20,Jordan,Jessup,jordan.jessup@evergreennetwork.example,Head of Operations,exec_buyer_ops,Evergreen Network,ACC-1086,vertical_b,NA,1800,Webinar,,addon,False,,Recycled,,,,,,,,Marketing Queue
L-5271,2026-05-07,Riley,Ingram,riley.ingram@westfieldgames.example,Chief Risk Officer,influencer_risk,Westfield Games,ACC-1026,vertical_c,NA,508,Content Download,,addon,False,email_reply_positive@2026-05-19,Recycled,2026-05-10,2026-05-10,1,,,,,SDR - Chen Wu
L-5272,2026-02-25,Morgan,Quill,morgan.quill@unionsquareexchange.example,Operations Analyst,champion_practitioner,Union Square Exchange,ACC-1283,vertical_b,NA,3799,Content Download,,addon,True,pricing_page_visit@2026-03-06|team_hiring@2026-03-11,Disqualified,2026-02-26,2026-02-26,4,,,,No Use Case,SDR - Dana Lopes
L-5273,2026-03-31,Kendall,Ingram,kendall.ingram@summitridgesolutions.example,Compliance Officer,influencer_risk,Summit Ridge Solutions,ACC-1424,mid_market,NA,510,Website Chat,,addon,False,chat_engaged@2026-04-08,Recycled,,,,,,,,Marketing Queue
L-5274,2026-02-09,Riley,Ellery,riley.ellery@evergreenco.example,Head of Revenue,exec_buyer_primary,Evergreen Co,ACC-1023,small_business,NA,144,Paid Social,,addon,False,,Disqualified,2026-02-11,2026-02-11,8,,,,Student/Job Seeker,SDR - Chen Wu
L-5275,2026-06-22,Avery,Fairbanks,avery.fairbanks@lakeshorestudio.example,Operations Lead,champion_practitioner,Lakeshore Studio,ACC-1107,small_business,NA,177,Website Chat,,addon,True,chat_engaged@2026-07-12|demo_request@2026-07-11|competitor_renewal_window@2026-06-22,Recycled,,,,,,,,Marketing Queue
L-5276,2026-01-20,Quinn,Alder,quinn.alder@mapleleafpartners.example,"Director, Revenue Strategy",exec_buyer_primary,Maple Leaf Partners,ACC-1333,upper_mid_market,EMEA,13958,Outbound - Social Selling,,core,True,champion_job_change@2026-02-01|champion_job_change@2026-02-01,Disqualified,2026-01-21,2026-01-21,1,,,,Competitor,SDR - Fran Moretti
L-5277,2026-04-28,Rowan,Dunmore,rowan.dunmore@clearwaterconsulting.example,Enterprise Architect,blocker_procurement,Clearwater Consulting,ACC-1155,other,NA,166,Content Download,,addon,False,champion_job_change@2026-04-29|content_download@2026-05-13|webinar_attended@2026-04-28|webinar_attended@2026-05-18,Disqualified,,,,,,,Bad Data,Marketing Queue
L-5278,2026-02-07,Drew,Garrow,drew.garrow@arborneo.example,"Director, Revenue Strategy",exec_buyer_primary,Arbor Neo,ACC-1289,vertical_a,NA,368,Webinar,,addon,False,pricing_page_visit@2026-02-15|webinar_attended@2026-02-23,Disqualified,,,,,,,Competitor,Marketing Queue
L-5279,2026-08-11,Emerson,Pruitt,emerson.pruitt@summitridgeplay.example,Compliance Officer,influencer_risk,Summit Ridge Play,ACC-1232,vertical_c,NA,2761,Website Chat,,addon,False,chat_engaged@2026-08-24|team_hiring@2026-08-19|chat_engaged@2026-08-27,Recycled,,,,,,,,Marketing Queue
L-5280,2026-06-15,Logan,Alder,logan.alder@cedarvalleysolutions.example,Senior Operations Manager,champion_practitioner,Cedar Valley Solutions,ACC-1272,mid_market,NA,509,Website Chat,,addon,True,chat_engaged@2026-06-17,Disqualified,,,,,,,Not ICP,Marketing Queue
L-5281,2026-01-19,Skyler,Ingram,skyler.ingram@crescentlabs.example,SVP Digital,exec_buyer_digital,Crescent Labs,ACC-1032,small_business,NA,201,Outbound - Social Selling,,addon,True,demo_request@2026-02-06,Disqualified,,,,,,,Competitor,Marketing Queue
L-5282,2026-08-17,Rowan,Kestrel,rowan.kestrel@harborviewcorp.example,Vendor Risk Manager,blocker_procurement,Harborview Corp,ACC-1397,upper_mid_market,NA,14551,Demo Request,,core,False,demo_request@2026-08-19|demo_request@2026-08-18,SQL,2026-08-20,2026-08-20,1,2026-09-01,,,,SDR - Eli Novak
L-5283,2026-07-19,Hayden,Hollis,hayden.hollis@westfieldgames.example,"Director, Operations",exec_buyer_ops,Westfield Games,ACC-1026,vertical_c,NA,508,Outbound - Enrichment,,addon,False,,Recycled,,,,,,,,Marketing Queue
L-5284,2026-06-27,Taylor,Dunmore,taylor.dunmore@northgatepay.example,"Group PM, Core Platform",champion_product,Northgate Pay,ACC-1317,vertical_a,NA,1603,Website Chat,,addon,False,chat_engaged@2026-07-15,Disqualified,2026-06-28,2026-06-28,3,,,,Student/Job Seeker,SDR - Eli Novak
L-5285,2026-05-09,Hayden,Quill,hayden.quill@harborviewmedia.example,Chief Risk Officer,influencer_risk,Harborview Media,ACC-1227,vertical_c,NA,3172,Webinar,,addon,False,demo_request@2026-05-13|content_download@2026-05-27,Disqualified,2026-05-10,2026-05-10,3,,,,Student/Job Seeker,SDR - Eli Novak
L-5286,2026-03-20,Hayden,Lowry,hayden.lowry@falconmutual.example,IT Procurement Lead,blocker_procurement,Falcon Mutual,ACC-1300,adjacent,NA,23450,Website Chat,,addon,True,chat_engaged@2026-03-21,Disqualified,,,,,,,No Use Case,Marketing Queue
L-5287,2026-09-01,Riley,Orwell,riley.orwell@pinecresthub.example,Operations Lead,champion_practitioner,Pinecrest Hub,ACC-1355,vertical_b,NA,1859,Event,,addon,False,champion_job_change@2026-09-20|content_download@2026-09-14|champion_job_change@2026-09-06,New,,,,,,,,Marketing Queue
L-5288,2026-05-02,Taylor,Marlow,taylor.marlow@bayfrontnetwork.example,Operations Analyst,champion_practitioner,Bayfront Network,ACC-1114,vertical_b,APAC,1674,Outbound - Social Selling,,addon,True,webinar_attended@2026-05-17|champion_job_change@2026-05-14,Recycled,,,,,,,,Marketing Queue
L-5289,2026-08-18,Taylor,Jessup,taylor.jessup@ironwoodworks.example,Chief Risk Officer,influencer_risk,Ironwood Works,ACC-1072,mid_market,NA,271,Content Download,,core,True,champion_job_change@2026-08-19|demo_request@2026-08-24,SQL,2026-08-19,2026-08-19,3,2026-08-23,,,,SDR - Fran Moretti
L-5290,2026-03-02,Hayden,Calloway,hayden.calloway@ironwoodsystems.example,Senior Operations Manager,champion_practitioner,Ironwood Systems,ACC-1070,mid_market,NA,894,Event,,core,True,content_download@2026-03-16|webinar_attended@2026-03-13|champion_job_change@2026-03-07|email_reply_positive@2026-03-21,Recycled,,,,,,,,Marketing Queue
L-5291,2026-08-12,Jordan,Ingram,jordan.ingram@evergreenconsulting.example,IT Procurement Lead,blocker_procurement,Evergreen Consulting,ACC-1162,other,NA,83,Content Download,,addon,False,webinar_attended@2026-08-29|content_download@2026-08-16|champion_job_change@2026-08-19,Recycled,,,,,,,,Marketing Queue
L-5292,2026-02-07,Parker,Quill,parker.quill@northgatenetwork.example,Senior Operations Manager,champion_practitioner,Northgate Network,ACC-1404,vertical_b,EMEA,1313,Webinar,,addon,False,email_reply_positive@2026-02-18,Disqualified,,,,,,,Competitor,Marketing Queue
L-5293,2026-01-23,Jamie,Marlow,jamie.marlow@silverlinepay.example,VP Information Security,exec_buyer_security,Silverline Pay,ACC-1137,vertical_a,LATAM,515,Content Download,,addon,False,webinar_attended@2026-02-06,Converted,2026-01-24,2026-01-24,8,2026-01-27,2026-01-27,OPP-7020,,SDR - Chen Wu
L-5294,2026-01-26,Emerson,Orwell,emerson.orwell@cedarvalleyhub.example,Senior Operations Manager,champion_practitioner,Cedar Valley Hub,ACC-1117,vertical_b,,3491,Outbound - Social Selling,,addon,False,champion_job_change@2026-02-08,Recycled,,,,,,,,Marketing Queue
L-5295,2026-02-12,Jamie,Dunmore,jamie.dunmore@redwoodlabs.example,Chief Risk Officer,influencer_risk,Redwood Labs,ACC-1119,small_business,NA,148,Event,,core,False,content_download@2026-02-28|email_reply_positive@2026-03-01|chat_engaged@2026-02-20,Recycled,2026-02-14,2026-02-14,6,2026-03-01,,,,SDR - Fran Moretti
L-5296,2026-05-18,Logan,Alder,logan.alder@highlandco.example,"VP, Revenue Operations",exec_buyer_primary,Highland Co,ACC-1309,small_business,NA,187,Website Chat,,core,False,chat_engaged@2026-05-29|team_hiring@2026-05-30,Recycled,,,,,,,,Marketing Queue
L-5297,2026-09-26,Taylor,Nash,taylor.nash@granitepeakgames.example,Chief Risk Officer,influencer_risk,Granite Peak Games,ACC-1242,vertical_c,EMEA,362,Partner Referral,Partner D,addon,False,competitor_renewal_window@2026-10-01|chat_engaged@2026-10-01,Working,2026-09-29,2026-10-01,50,,,,,SDR - Chen Wu
L-5298,2026-09-17,Rowan,Rourke,rowan.rourke@lakeshoreneo.example,VP Product,champion_product,Lakeshore Neo,ACC-1377,vertical_a,EMEA,2319,Event,,addon,False,team_hiring@2026-09-30,New,,,,,,,,Marketing Queue
L-5299,2026-07-24,Blake,Marlow,blake.marlow@westfieldplay.example,Head of Operations,exec_buyer_ops,Westfield Play,ACC-1078,vertical_c,NA,2411,Outbound - Enrichment,,addon,False,team_hiring@2026-07-26,Recycled,,,,,,,,Marketing Queue
L-5300,2026-04-05,Reese,Garrow,reese.garrow@unionsquaremedia.example,Chief Risk Officer,influencer_risk,Union Square Media,ACC-1087,vertical_c,NA,1212,Website Chat,,addon,False,chat_engaged@2026-04-05|pricing_page_visit@2026-04-11|chat_engaged@2026-04-17,Converted,2026-04-05,2026-04-05,8,2026-04-09,2026-04-12,OPP-7021,,SDR - Bri Okafor
L-5301,2026-09-06,Taylor,Jessup,taylor.jessup@tidewaterneo.example,"Director, IT Security",exec_buyer_security,Tidewater Neo,ACC-1274,vertical_a,NA,485,Demo Request,,addon,False,demo_request@2026-09-10,Working,2026-09-08,2026-09-08,4,,,,,SDR - Bri Okafor
L-5302,2026-08-21,Emerson,Sutter,emerson.sutter@highlandnetwork.example,"Director, Operations",exec_buyer_ops,Highland Network,ACC-1003,vertical_b,NA,4877,Demo Request,,addon,False,demo_request@2026-09-06|champion_job_change@2026-09-08|competitor_renewal_window@2026-09-04,Disqualified,,,,,,,,Marketing Queue
L-5303,2026-04-04,Rowan,Fairbanks,rowan.fairbanks@granitepeakagency.example,Vendor Risk Manager,blocker_procurement,Granite Peak Agency,ACC-1200,other,NA,194,Outbound - Enrichment,,addon,False,team_hiring@2026-04-18,Disqualified,,,,,,,Not ICP,Marketing Queue
L-5304,2026-06-03,Riley,Lowry,riley.lowry@silverlineconsulting.example,Enterprise Architect,blocker_procurement,Silverline Consulting,ACC-1140,other,NA,383,Demo Request,,addon,False,demo_request@2026-06-18|team_hiring@2026-06-20,Recycled,,,,,,,,Marketing Queue
L-5305,2026-01-18,Taylor,Marlow,taylor.marlow@meridianpartners.example,Operations Analyst,champion_practitioner,Meridian Partners,ACC-1022,upper_mid_market,EMEA,12646,Demo Request,,core,True,demo_request@2026-01-30|champion_job_change@2026-01-30,Recycled,2026-01-21,2026-01-22,30,,,,,SDR - Fran Moretti
L-5306,2026-09-03,Blake,Marlow,blake.marlow@prairiefirstpay.example,"Director, Revenue Strategy",exec_buyer_primary,Prairie First Pay,ACC-1224,vertical_a,NA,901,Paid Social,,addon,False,pricing_page_visit@2026-09-03|chat_engaged@2026-09-08|content_download@2026-09-06,Converted,2026-09-05,2026-09-05,3,2026-09-09,2026-09-09,OPP-7022,,SDR - Bri Okafor
L-5307,2026-01-29,Jordan,Thorne,jordanthorne@gmail.example,VP Product,champion_product,Stonebridge Media,ACC-1226,vertical_c,EMEA,3511,Partner Referral,Partner A,addon,False,content_download@2026-02-12,Disqualified,,,,,,,No Use Case,Marketing Queue
L-5308,2026-08-08,Hayden,Quill,hayden.quill@riverbendcollective.example,Office Manager,unknown,Riverbend Collective,ACC-1046,other,NA,361,Website Chat,,addon,False,chat_engaged@2026-08-14|chat_engaged@2026-08-15|chat_engaged@2026-08-13|pricing_page_visit@2026-08-09,Disqualified,,,,,,,Not ICP,Marketing Queue
L-5309,2026-05-03,Skyler,Fairbanks,skylerfairbanks@gmail.example,CISO,exec_buyer_security,Bayfront County Services,ACC-1219,adjacent,EMEA,10441,Content Download,,addon,False,,Disqualified,2026-05-04,2026-05-05,30,,,,Bad Data,SDR - Alex Rivera
L-5310,2026-06-08,Rowan,Ellery,rowan.ellery@crescentcorp.example,Operations Lead,champion_practitioner,Crescent Corp,ACC-1111,upper_mid_market,NA,8642,Outbound - Social Selling,,addon,False,chat_engaged@2026-06-25|pricing_page_visit@2026-06-16|chat_engaged@2026-06-27|champion_job_change@2026-06-28,Disqualified,,,,,,,Not ICP,Marketing Queue
L-5311,2026-07-19,Avery,Thorne,avery.thorne@evergreencloud.example,"Director, IT Security",exec_buyer_security,Evergreen Cloud,ACC-1299,vertical_a,EMEA,1853,Partner Referral,Partner B,addon,False,demo_request@2026-07-26,Recycled,2026-07-22,2026-07-22,4,,,,,SDR - Chen Wu
L-5312,2026-07-16,Casey,Ingram,casey.ingram@keystonemedia.example,Compliance Officer,influencer_risk,Keystone Media,ACC-1103,vertical_c,NA,2039,Content Download,,addon,True,webinar_attended@2026-08-04|competitor_renewal_window@2026-07-26,Recycled,2026-07-19,2026-07-19,6,,,,,SDR - Chen Wu
L-5313,2026-02-01,Emerson,Alder,emerson.alder@riverbendworks.example,"VP, Revenue Operations",exec_buyer_primary,Riverbend Works,ACC-1124,mid_market,NA,1486,Content Download,,core,False,webinar_attended@2026-02-20|team_hiring@2026-02-17|champion_job_change@2026-02-06,Recycled,2026-02-02,2026-02-02,4,2026-02-06,,,,SDR - Bri Okafor
L-5314,2026-08-11,Hayden,Fairbanks,hayden.fairbanks@northgateconsulting.example,Office Manager,unknown,Northgate Consulting,ACC-1259,other,NA,197,Outbound - Social Selling,,addon,False,webinar_attended@2026-08-18,Disqualified,,,,,,,Bad Data,Marketing Queue
L-5315,2026-07-27,Emerson,Nash,emerson.nash@bluemesaconsulting.example,Office Manager,unknown,Blue Mesa Consulting,ACC-1040,other,NA,178,Outbound - Enrichment,,addon,False,,Disqualified,,,,,,,Not ICP,Marketing Queue
L-5316,2026-06-07,Reese,Orwell,reese.orwell@cedarvalleycollective.example,Office Manager,unknown,Cedar Valley Collective,ACC-1437,other,NA,147,Partner Referral,Partner B,addon,False,pricing_page_visit@2026-06-15|team_hiring@2026-06-21,Disqualified,,,,,,,Student/Job Seeker,Marketing Queue
L-5317,2026-04-12,Parker,Marlow,parker.marlow@tidewaterstudio.example,"Director, Revenue Strategy",exec_buyer_primary,Tidewater Studio,ACC-1100,small_business,NA,222,Website Chat,,addon,True,chat_engaged@2026-04-23,Recycled,2026-04-14,2026-04-14,2,2026-04-16,,,,SDR - Bri Okafor
L-5318,2026-05-15,Cameron,Brooks,cameron.brooks@bayfrontpartners.example,Operations Lead,champion_practitioner,Bayfront Partners,ACC-1099,upper_mid_market,NA,8510,Event,,core,True,competitor_renewal_window@2026-06-04,Recycled,2026-05-15,2026-05-15,8,,,,,SDR - Bri Okafor
L-5319,2026-08-26,Riley,Calloway,riley.calloway@tidewaterindustries.example,Vendor Risk Manager,blocker_procurement,Tidewater Industries,ACC-1133,upper_mid_market,NA,5637,Webinar,,addon,False,pricing_page_visit@2026-08-26,Disqualified,,,,,,,Not ICP,Marketing Queue
L-5320,2026-03-30,Blake,Marlow,blake.marlow@unionsquarecloud.example,VP Information Security,exec_buyer_security,Union Square Cloud,ACC-1448,vertical_a,NA,491,Outbound - Enrichment,,addon,False,content_download@2026-04-15,Disqualified,,,,,,,Not ICP,Marketing Queue
L-5321,2026-03-19,Parker,Alder,parker.alder@harborviewcorp.example,Chief Risk Officer,influencer_risk,Harborview Corp,ACC-1397,upper_mid_market,NA,14551,Paid Social,,addon,False,team_hiring@2026-03-28|demo_request@2026-03-24,Disqualified,,,,,,,Competitor,Marketing Queue
L-5322,2026-03-14,Emerson,Sutter,emerson.sutter@meridiangames.example,"Director, Risk & Controls",influencer_risk,Meridian Games,ACC-1191,vertical_c,NA,3791,Content Download,,addon,False,email_reply_positive@2026-03-17,Recycled,2026-03-15,2026-03-15,4,2026-03-31,,,,SDR - Alex Rivera
L-5323,2026-02-14,Riley,Ingram,riley.ingram@mapleleaflabs3.example,Head of Revenue,exec_buyer_primary,Maple Leaf Labs 3,ACC-1444,small_business,,94,Paid Social,,core,True,,Disqualified,,,,,,,Not ICP,Marketing Queue
L-5324,2026-01-26,Kendall,Quill,kendall.quill@redwoodflow.example,"Head of Product, Platform",champion_product,Redwood Flow,ACC-1384,vertical_a,NA,833,Demo Request,,addon,False,demo_request@2026-02-07,Recycled,,,,,,,,Marketing Queue
L-5325,2026-06-29,Skyler,Dunmore,skylerdunmore@gmail.example,Marketing Coordinator,unknown,Oakmont Consulting,ACC-1172,other,,230,Event,,addon,False,champion_job_change@2026-07-11|team_hiring@2026-07-18|demo_request@2026-07-10,Disqualified,,,,,,,Not ICP,Marketing Queue
L-5326,2026-05-12,Hayden,Garrow,haydengarrow@gmail.example,"Director, Risk & Controls",influencer_risk,Maple Leaf Labs 3,ACC-1444,small_business,NA,94,Event,,addon,True,competitor_renewal_window@2026-05-28,Disqualified,2026-05-14,2026-05-14,1,,,,Bad Data,SDR - Dana Lopes
L-5327,2026-02-15,Rowan,Jessup,rowan.jessup@crescentindustries.example,Vendor Risk Manager,blocker_procurement,Crescent Industries,ACC-1204,upper_mid_market,NA,13253,Event,,core,True,competitor_renewal_window@2026-02-18,Disqualified,2026-02-15,2026-02-15,6,,,,Competitor,SDR - Dana Lopes
L-5328,2026-05-08,Hayden,Alder,hayden.alder@riverbendlive.example,"Group PM, Core Platform",champion_product,Riverbend Live,ACC-1339,vertical_c,NA,1059,Content Download,,addon,False,chat_engaged@2026-05-11,Disqualified,,,,,,,Not ICP,Marketing Queue
L-5329,2026-03-15,Skyler,Hollis,skyler.hollis@mapleleafcorp.example,"Director, Revenue Strategy",exec_buyer_primary,Maple Leaf Corp,ACC-1243,upper_mid_market,APAC,12948,Partner Referral,Partner D,core,True,,Recycled,,,,,,,,Marketing Queue
L-5330,2026-08-16,Morgan,Dunmore,morgan.dunmore@summitridgestack.example,CISO,exec_buyer_security,Summit Ridge Stack,ACC-1371,vertical_a,APAC,2779,Content Download,,addon,False,chat_engaged@2026-08-25,Disqualified,,,,,,,Not ICP,Marketing Queue
L-5331,2026-07-18,Rowan,Nash,rowan.nash@riverbendflow.example,"Director, Risk & Controls",influencer_risk,Riverbend Flow,ACC-1436,vertical_a,NA,339,Website Chat,,addon,False,chat_engaged@2026-07-24,Disqualified,,,,,,,Competitor,Marketing Queue
L-5332,2026-07-26,Casey,Jessup,casey.jessup@silverlineplay.example,Compliance Officer,influencer_risk,Silverline Play,ACC-1113,vertical_c,NA,3854,Website Chat,,addon,False,chat_engaged@2026-08-05,Recycled,2026-07-28,2026-07-28,3,,,,,SDR - Eli Novak
L-5333,2026-05-25,Jordan,Kestrel,jordan.kestrel@oakmontsolutions.example,SVP Digital,exec_buyer_digital,Oakmont Solutions,ACC-1352,mid_market,NA,1242,Outbound - Social Selling,,core,False,webinar_attended@2026-06-09|content_download@2026-06-06,Recycled,,,,,,,,Marketing Queue
L-5334,2026-07-24,Rowan,Marlow,rowan.marlow@meridianhub.example,VP Product,champion_product,Meridian Hub,ACC-1438,vertical_b,NA,4048,Paid Social,,addon,False,pricing_page_visit@2026-07-24|email_reply_positive@2026-08-05|champion_job_change@2026-08-06|competitor_renewal_window@2026-08-04,Converted,2026-07-25,2026-07-27,50,2026-07-31,2026-08-04,OPP-7023,,SDR - Fran Moretti
L-5335,2026-03-29,Casey,Garrow,casey.garrow@clearwaterconsulting.example,Marketing Coordinator,unknown,Clearwater Consulting,ACC-1155,other,NA,166,Webinar,,addon,False,competitor_renewal_window@2026-04-07,Disqualified,2026-03-29,2026-03-29,3,,,,Bad Data,SDR - Alex Rivera
L-5336,2026-04-06,Skyler,Sutter,skyler.sutter@evergreenstack.example,"Director, IT Security",exec_buyer_security,Evergreen Stack,ACC-1182,vertical_a,NA,1935,Website Chat,,addon,False,chat_engaged@2026-04-26,Recycled,,,,,,,,Marketing Queue
L-5337,2026-04-03,Emerson,Lowry,emersonlowry@gmail.example,"Director, Risk & Controls",influencer_risk,Clearwater Industries,ACC-1250,upper_mid_market,NA,4458,Outbound - Enrichment,,core,False,chat_engaged@2026-04-17|team_hiring@2026-04-11,Disqualified,,,,,,,Competitor,Marketing Queue
L-5338,2026-05-25,Hayden,Jessup,hayden.jessup@summitridgeco.example,Operations Lead,champion_practitioner,Summit Ridge Co,ACC-1293,small_business,NA,44,Demo Request,,core,True,demo_request@2026-06-06|competitor_renewal_window@2026-06-14,Disqualified,,,,,,,Competitor,Marketing Queue
L-5339,2026-09-12,Riley,Garrow,riley.garrow@evergreenlabs.example,Operations Analyst,champion_practitioner,Evergreen Labs,ACC-1010,small_business,NA,196,Demo Request,,core,True,demo_request@2026-10-01,New,,,,,,,,Marketing Queue
L-5340,2026-06-14,Quinn,Calloway,quinn.calloway@unionsquaresystems.example,Operations Lead,champion_practitioner,Union Square Systems,ACC-1284,mid_market,NA,135,Demo Request,,core,True,demo_request@2026-07-04,Recycled,2026-06-14,2026-06-16,50,,,,,SDR - Alex Rivera
L-5341,2026-01-28,Sage,Lowry,sage.lowry@silverlineglobal.example,SVP Digital,exec_buyer_digital,Silverline Global,ACC-1127,enterprise,NA,83780,Partner Referral,Partner C,core,True,competitor_renewal_window@2026-02-01|competitor_renewal_window@2026-02-07,Recycled,,,,,,,,Marketing Queue
L-5342,2026-03-14,Blake,Ingram,blake.ingram@prairiefirststudio.example,"VP, Revenue Operations",exec_buyer_primary,Prairie First Studio,ACC-1153,small_business,NA,180,Partner Referral,Partner B,core,True,content_download@2026-03-18|team_hiring@2026-03-16,Recycled,2026-03-14,2026-03-14,6,,,,,SDR - Fran Moretti
L-5343,2026-04-13,Casey,Kestrel,casey.kestrel@granitepeakindustries.example,"Director, Risk & Controls",influencer_risk,Granite Peak Industries,ACC-1375,upper_mid_market,NA,4090,Event,,core,False,email_reply_positive@2026-05-02|pricing_page_visit@2026-04-26,Recycled,,,,,,,,Marketing Queue
L-5344,2026-08-01,Skyler,Ingram,skyler.ingram@tidewateragency.example,Vendor Risk Manager,blocker_procurement,Tidewater Agency,ACC-1056,other,NA,72,Demo Request,,addon,False,demo_request@2026-08-12,Disqualified,,,,,,,Not ICP,Marketing Queue
L-5345,2026-03-09,Parker,Dunmore,parker.dunmore@bluemesastudio.example,Head of Digital Products,exec_buyer_digital,Blue Mesa Studio,ACC-1193,small_business,NA,48,Webinar,,addon,True,content_download@2026-03-27,Disqualified,,,,,,,Not ICP,Marketing Queue
L-5346,2026-07-30,Casey,Ellery,casey.ellery@sterlingnetwork.example,"Head of Product, Platform",champion_product,Sterling Network,ACC-1092,vertical_b,NA,4293,Outbound - Social Selling,,addon,False,content_download@2026-07-30|email_reply_positive@2026-08-03,Disqualified,2026-08-01,2026-08-01,4,,,,Bad Data,SDR - Chen Wu
L-5347,2026-09-19,Jamie,Jessup,jamie.jessup@crescentcollective.example,Marketing Coordinator,unknown,Crescent Collective,ACC-1408,other,NA,142,Paid Social,,addon,False,team_hiring@2026-10-01,Disqualified,,,,,,,Student/Job Seeker,Marketing Queue
L-5348,2026-02-21,Avery,Nash,avery.nash@falconlabs.example,"Director, Revenue Strategy",exec_buyer_primary,Falcon Labs,ACC-1039,small_business,NA,37,Webinar,,core,False,chat_engaged@2026-03-02|email_reply_positive@2026-03-08,Recycled,2026-02-21,2026-02-21,20,2026-02-26,,,,SDR - Dana Lopes
L-5349,2026-06-30,Quinn,Calloway,quinn.calloway@meridianinsurance.example,Vendor Risk Manager,blocker_procurement,Meridian Insurance,ACC-1359,adjacent,NA,5110,Content Download,,addon,False,email_reply_positive@2026-07-19|demo_request@2026-07-19|competitor_renewal_window@2026-07-05|email_reply_positive@2026-07-07,Recycled,2026-06-30,2026-06-30,20,,,,,SDR - Chen Wu
L-5350,2026-03-06,Taylor,Alder,taylor.alder@meridiancorp.example,SVP Digital,exec_buyer_digital,Meridian Corp,ACC-1347,upper_mid_market,NA,5016,Paid Social,,core,False,content_download@2026-03-14,Disqualified,,,,,,,Competitor,Marketing Queue
L-5351,2026-09-11,Reese,Lowry,reese.lowry@keystonepartners.example,IT Procurement Lead,blocker_procurement,Keystone Partners,ACC-1237,upper_mid_market,,5733,Website Chat,,core,True,chat_engaged@2026-09-21,New,,,,,,,,Marketing Queue
L-5352,2026-02-17,Casey,Ingram,casey.ingram@tidewaterpay.example,"Director, Revenue Strategy",exec_buyer_primary,Tidewater Pay,ACC-1251,vertical_a,NA,2371,Partner Referral,Partner B,addon,False,competitor_renewal_window@2026-02-17,Disqualified,2026-02-20,2026-02-20,3,,,,Not ICP,SDR - Dana Lopes
L-5353,2026-07-05,Taylor,Dunmore,taylor.dunmore@silverlinehub.example,Head of Operations,exec_buyer_ops,Silverline Hub,ACC-1082,vertical_b,NA,2722,Outbound - Enrichment,,addon,False,,Disqualified,,,,,,,Not ICP,Marketing Queue
L-5354,2026-03-06,Skyler,Marlow,skyler.marlow@northgateworks.example,Chief Risk Officer,influencer_risk,Northgate Works,ACC-1245,mid_market,NA,204,Outbound - Enrichment,,addon,True,competitor_renewal_window@2026-03-10,Recycled,2026-03-06,2026-03-06,1,2026-03-13,,,,SDR - Alex Rivera
L-5355,2026-08-12,Parker,Calloway,parker.calloway@meridiancorp.example,Chief Risk Officer,influencer_risk,Meridian Corp,ACC-1347,upper_mid_market,NA,5016,Website Chat,,core,False,chat_engaged@2026-08-21,Recycled,,,,,,,,Marketing Queue
L-5356,2026-05-11,Riley,Quill,riley.quill@clearwaterflow.example,Chief Risk Officer,influencer_risk,Clearwater Flow,ACC-1442,vertical_a,NA,677,Outbound - Enrichment,,addon,False,,Disqualified,,,,,,,Not ICP,Marketing Queue
L-5357,2026-05-25,Hayden,Quill,hayden.quill@cedarvalleyworks.example,Head of Digital Products,exec_buyer_digital,Cedar Valley Works,ACC-1205,mid_market,NA,484,Content Download,,core,False,team_hiring@2026-05-25|webinar_attended@2026-05-27|demo_request@2026-06-06,Recycled,2026-05-28,2026-05-29,30,2026-06-06,,,,SDR - Chen Wu
L-5358,2026-08-07,Jordan,Alder,jordan.alder@keystonehub.example,VP Product,champion_product,Keystone Hub,ACC-1143,vertical_b,NA,2410,Content Download,,addon,False,demo_request@2026-08-12,Working,2026-08-10,2026-08-10,6,,,,,SDR - Chen Wu
L-5359,2026-06-25,Avery,Rourke,avery.rourke@tidewaterpay.example,Chief Risk Officer,influencer_risk,Tidewater Pay,ACC-1251,vertical_a,NA,2371,Paid Social,,addon,False,,Recycled,2026-06-27,2026-06-29,50,,,,,SDR - Eli Novak
L-5360,2026-02-28,Emerson,Dunmore,emerson.dunmore@riverbendlabs.example,SVP Digital,exec_buyer_digital,Riverbend Labs,ACC-1196,small_business,NA,205,Webinar,,addon,False,chat_engaged@2026-03-01|webinar_attended@2026-03-06,Recycled,2026-03-03,2026-03-03,4,,,,,SDR - Dana Lopes
L-5361,2026-07-01,Morgan,Pruitt,morgan.pruitt@redwoodstudio.example,Compliance Officer,influencer_risk,Redwood Studio,ACC-1281,small_business,NA,78,Event,,core,True,chat_engaged@2026-07-14,Converted,2026-07-03,2026-07-03,3,2026-07-14,2026-07-19,OPP-7024,,SDR - Dana Lopes
L-5362,2026-09-24,Blake,Marlow,blake.marlow@ironwoodlive.example,"Group PM, Core Platform",champion_product,Ironwood Live,ACC-1350,vertical_c,,2160,Demo Request,,addon,False,demo_request@2026-10-01,Working,2026-09-25,2026-09-25,4,,,,,SDR - Dana Lopes
L-5363,2026-06-09,Riley,Fairbanks,riley.fairbanks@bayfrontstudio.example,"Director, Risk & Controls",influencer_risk,Bayfront Studio,ACC-1257,small_business,NA,139,Content Download,,addon,False,content_download@2026-06-26,Disqualified,2026-06-10,2026-06-10,6,,,,Duplicate,SDR - Bri Okafor
L-5364,2026-03-05,Drew,Ellery,drew.ellery@bayfrontworks.example,"VP, Revenue Operations",exec_buyer_primary,Bayfront Works,ACC-1421,mid_market,NA,853,Website Chat,,addon,False,chat_engaged@2026-03-15|chat_engaged@2026-03-22,Disqualified,,,,,,,Not ICP,Marketing Queue
L-5365,2026-04-05,Emerson,Hollis,emerson.hollis@summitridgeneo.example,Compliance Officer,influencer_risk,Summit Ridge Neo,ACC-1374,vertical_a,NA,1736,Paid Social,,addon,False,email_reply_positive@2026-04-23|chat_engaged@2026-04-17|content_download@2026-04-25|email_reply_positive@2026-04-11,Recycled,2026-04-08,2026-04-08,3,2026-04-21,,,,SDR - Alex Rivera
L-5366,2026-08-28,Reese,Fairbanks,reese.fairbanks@unionsquarestack.example,Head of Revenue,exec_buyer_primary,Union Square Stack,ACC-1253,vertical_a,LATAM,375,Webinar,,addon,False,pricing_page_visit@2026-09-03|competitor_renewal_window@2026-09-02|content_download@2026-08-28,Recycled,,,,,,,,Marketing Queue
L-5367,2026-07-30,Rowan,Alder,,CISO,exec_buyer_security,Maple Leaf Cloud,ACC-1125,vertical_a,NA,2979,Demo Request,,addon,False,demo_request@2026-07-30|chat_engaged@2026-08-11,Disqualified,,,,,,,Not ICP,Marketing Queue
L-5368,2026-01-11,Emerson,Fairbanks,emerson.fairbanks@silverlinepay.example,"Director, Revenue Strategy",exec_buyer_primary,Silverline Pay,ACC-1137,vertical_a,LATAM,515,Website Chat,,addon,False,chat_engaged@2026-01-28|champion_job_change@2026-01-13|webinar_attended@2026-01-15|competitor_renewal_window@2026-01-29,Converted,2026-01-13,2026-01-15,50,2026-01-30,2026-02-03,OPP-7025,,SDR - Dana Lopes
L-5369,2026-04-29,Cameron,Jessup,cameron.jessup@ironwoodworks.example,SVP Digital,exec_buyer_digital,Ironwood Works,ACC-1072,mid_market,NA,271,Website Chat,,addon,True,chat_engaged@2026-05-03,Disqualified,,,,,,,Not ICP,Marketing Queue
L-5370,2026-05-29,Skyler,Dunmore,skyler.dunmore@bayfrontnetwork.example,Head of Operations,exec_buyer_ops,Bayfront Network,ACC-1114,vertical_b,APAC,1674,Event,,addon,True,,Converted,2026-05-29,2026-05-29,3,2026-06-08,2026-06-09,OPP-7026,,SDR - Fran Moretti
L-5371,2026-05-31,Casey,Ellery,casey.ellery@oakmontco.example,"Director, Risk & Controls",influencer_risk,Oakmont Co,ACC-1351,small_business,NA,13,Event,,addon,True,content_download@2026-06-15|champion_job_change@2026-06-08|chat_engaged@2026-05-31,Recycled,,,,,,,,Marketing Queue
L-5372,2026-02-20,Kendall,Kestrel,kendall.kestrel@ironwoodpartners.example,"Director, Digital Channels",exec_buyer_digital,Ironwood Partners,ACC-1142,upper_mid_market,NA,1587,Event,,core,True,pricing_page_visit@2026-03-04|champion_job_change@2026-03-02|competitor_renewal_window@2026-03-05|competitor_renewal_window@2026-03-05,Recycled,2026-02-23,2026-02-25,50,,,,,SDR - Fran Moretti
L-5373,2026-04-27,Avery,Lowry,avery.lowry@oakmontagency.example,Vendor Risk Manager,blocker_procurement,Oakmont Agency,ACC-1215,other,NA,145,Demo Request,,addon,False,demo_request@2026-05-03,Recycled,2026-04-29,2026-04-29,8,,,,,SDR - Eli Novak
L-5374,2026-04-22,Casey,Dunmore,casey.dunmore@oakmontagency.example,Office Manager,unknown,Oakmont Agency,ACC-1215,other,NA,145,Content Download,,addon,False,,Disqualified,,,,,,,Not ICP,Marketing Queue
L-5375,2026-02-28,Casey,Lowry,casey.lowry@silverlineindustries.example,Head of Revenue,exec_buyer_primary,Silverline Industries,ACC-1190,upper_mid_market,EMEA,7255,Demo Request,,core,True,demo_request@2026-02-28,Disqualified,,,,,,,Not ICP,Marketing Queue
L-5376,2026-06-07,Avery,Jessup,avery.jessup@arborcloud.example,"VP, Revenue Operations",exec_buyer_primary,Arbor Cloud,ACC-1380,vertical_a,NA,1189,Outbound - Social Selling,,addon,False,champion_job_change@2026-06-21,Disqualified,,,,,,,Not ICP,Marketing Queue
L-5377,2026-08-25,Morgan,Quill,morgan.quill@clearwaternetwork.example,"Head of Product, Platform",champion_product,Clearwater Network,ACC-1202,vertical_b,NA,2341,Partner Referral,Partner C,addon,True,email_reply_positive@2026-09-03|webinar_attended@2026-09-07|pricing_page_visit@2026-09-02,Recycled,,,,,,,,Marketing Queue
L-5378,2026-02-13,Quinn,Brooks,quinn.brooks@sterlingcollective.example,IT Procurement Lead,blocker_procurement,Sterling Collective,ACC-1094,other,NA,373,Outbound - Social Selling,,addon,False,team_hiring@2026-02-25,Disqualified,,,,,,,Not ICP,Marketing Queue
L-5379,2026-01-19,Morgan,Garrow,morgan.garrow@clearwatercorp.example,"Director, Risk & Controls",influencer_risk,Clearwater Corp,ACC-1308,upper_mid_market,NA,11465,Content Download,,addon,True,email_reply_positive@2026-01-22,Recycled,2026-01-20,2026-01-20,1,2026-01-23,,,,SDR - Dana Lopes
L-5380,2026-06-15,Cameron,Ellery,cameron.ellery@evergreenco.example,SVP Digital,exec_buyer_digital,Evergreen Co,ACC-1023,small_business,NA,144,Demo Request,,addon,False,demo_request@2026-06-26|content_download@2026-06-27|email_reply_positive@2026-06-21|champion_job_change@2026-06-27,Recycled,,,,,,,,Marketing Queue
L-5381,2026-09-06,Morgan,Calloway,morgan.calloway@redwoodsystems.example,Operations Lead,champion_practitioner,Redwood Systems,ACC-1012,mid_market,NA,384,Website Chat,,core,False,chat_engaged@2026-09-20,New,,,,,,,,Marketing Queue
L-5382,2026-09-26,Reese,Lowry,reese.lowry@silverlinehub.example,Operations Analyst,champion_practitioner,Silverline Hub,ACC-1082,vertical_b,NA,2722,Partner Referral,Partner C,addon,False,pricing_page_visit@2026-10-01,Working,2026-09-29,2026-09-29,4,,,,,SDR - Bri Okafor
L-5383,2026-02-23,Morgan,Pruitt,morgan.pruitt@westfieldcorp.example,Senior Operations Manager,champion_practitioner,Westfield Corp,ACC-1290,upper_mid_market,NA,12025,Website Chat,,addon,True,chat_engaged@2026-03-12,Recycled,2026-02-25,2026-02-25,8,,,,,SDR - Chen Wu
L-5384,2026-08-19,Cameron,Quill,cameron.quill@granitepeakgames.example,Head of Operations,exec_buyer_ops,Granite Peak Games,ACC-1242,vertical_c,EMEA,362,Webinar,,addon,False,competitor_renewal_window@2026-08-20|champion_job_change@2026-08-28|team_hiring@2026-09-01|pricing_page_visit@2026-09-02,Working,2026-08-22,2026-08-24,50,,,,,SDR - Eli Novak
L-5385,2026-05-10,Riley,Jessup,riley.jessup@silverlinegames.example,"Director, Risk & Controls",influencer_risk,Silverline Games,ACC-1329,vertical_c,NA,2137,Partner Referral,Partner A,addon,False,,Recycled,,,,,,,,Marketing Queue
L-5386,2026-08-31,Riley,Marlow,riley.marlow@unionsquarecollective.example,Office Manager,unknown,Union Square Collective,ACC-1047,other,NA,156,Outbound - Social Selling,,addon,False,competitor_renewal_window@2026-09-03|chat_engaged@2026-09-05,Disqualified,,,,,,,Student/Job Seeker,Marketing Queue
L-5387,2026-09-05,Casey,Pruitt,casey.pruitt@riverbendconsulting.example,Vendor Risk Manager,blocker_procurement,Riverbend Consulting,ACC-1108,other,NA,388,Demo Request,,addon,False,demo_request@2026-09-22,Disqualified,,,,,,,Bad Data,Marketing Queue
L-5388,2026-08-13,Hayden,Ingram,hayden.ingram@crescentnetwork.example,"Group PM, Core Platform",champion_product,Crescent Network,ACC-1413,vertical_b,NA,2530,Outbound - Social Selling,,addon,False,webinar_attended@2026-08-13,Recycled,2026-08-15,2026-08-15,20,2026-08-30,,,,SDR - Bri Okafor
L-5389,2026-04-09,Reese,Fairbanks,reese.fairbanks@granitepeakcloud.example,"Director, Risk & Controls",influencer_risk,Granite Peak Cloud,ACC-1342,vertical_a,NA,2205,Website Chat,,addon,False,chat_engaged@2026-04-19,Recycled,2026-04-10,2026-04-10,20,2026-04-23,,,,SDR - Eli Novak
L-5390,2026-03-20,Casey,Pruitt,casey.pruitt@bayfronthealth.example,CISO,exec_buyer_security,Bayfront Health,ACC-1101,adjacent,EMEA,25287,Event,,addon,False,champion_job_change@2026-03-20|pricing_page_visit@2026-04-03,Recycled,,,,,,,,Marketing Queue
L-5391,2026-08-23,Blake,Fairbanks,blake.fairbanks@copperstatesolutions.example,Head of Revenue,exec_buyer_primary,Copper State Solutions,ACC-1230,mid_market,NA,748,Demo Request,,core,True,demo_request@2026-09-05,Disqualified,,,,,,,Competitor,Marketing Queue
L-5392,2026-01-13,Hayden,Lowry,hayden.lowry@keystonesystems.example,Chief Risk Officer,influencer_risk,Keystone Systems,ACC-1416,mid_market,NA,947,Paid Social,,addon,False,email_reply_positive@2026-01-16|competitor_renewal_window@2026-02-02|competitor_renewal_window@2026-01-26,Recycled,2026-01-14,2026-01-15,30,,,,,SDR - Eli Novak
L-5393,2026-05-30,Avery,Thorne,avery.thorne@sterlingindustries.example,Operations Lead,champion_practitioner,Sterling Industries,ACC-1223,upper_mid_market,EMEA,3185,Outbound - Enrichment,,core,False,chat_engaged@2026-06-01|chat_engaged@2026-06-01,Recycled,,,,,,,,Marketing Queue
L-5394,2026-04-23,Parker,Dunmore,parker.dunmore@riverbendnetwork.example,"Head of Product, Platform",champion_product,Riverbend Network,ACC-1148,vertical_b,NA,4949,Content Download,,addon,True,email_reply_positive@2026-05-05|chat_engaged@2026-04-29,Recycled,2026-04-26,2026-04-26,1,,,,,SDR - Fran Moretti
L-5395,2026-08-05,Hayden,Brooks,haydenbrooks@gmail.example,Compliance Officer,influencer_risk,Summit Ridge Studio,ACC-1135,small_business,NA,254,Content Download,,addon,True,,Recycled,,,,,,,,Marketing Queue
L-5396,2026-08-13,Logan,Nash,logan.nash@northgatestudio.example,"Director, Revenue Strategy",exec_buyer_primary,Northgate Studio,ACC-1171,small_business,NA,28,Content Download,,core,True,team_hiring@2026-08-19|team_hiring@2026-08-14,Converted,2026-08-15,2026-08-17,50,2026-08-22,2026-08-23,OPP-7027,,SDR - Eli Novak
L-5397,2026-05-18,Kendall,Rourke,kendall.rourke@evergreensolutions.example,Operations Analyst,champion_practitioner,Evergreen Solutions,ACC-1401,mid_market,NA,517,Partner Referral,Partner B,addon,True,webinar_attended@2026-05-20|chat_engaged@2026-05-18|team_hiring@2026-05-18|pricing_page_visit@2026-05-18,Disqualified,2026-05-19,2026-05-20,30,,,,Competitor,SDR - Chen Wu
L-5398,2026-05-10,Avery,Sutter,avery.sutter@bayfrontpartners.example,IT Procurement Lead,blocker_procurement,Bayfront Partners,ACC-1099,upper_mid_market,NA,8510,Outbound - Enrichment,,core,True,demo_request@2026-05-18|chat_engaged@2026-05-14,Recycled,2026-05-12,2026-05-12,6,,,,,SDR - Bri Okafor
L-5399,2026-09-13,Morgan,Garrow,morgan.garrow@granitepeakagency.example,Student,unknown,Granite Peak Agency,ACC-1200,other,NA,194,Website Chat,,addon,False,chat_engaged@2026-10-01,Disqualified,,,,,,,Student/Job Seeker,Marketing Queue
L-5400,2026-04-06,Parker,Thorne,,"Group PM, Core Platform",champion_product,Pinecrest Flow,ACC-1152,vertical_a,APAC,773,Website Chat,,addon,False,chat_engaged@2026-04-17,Recycled,,,,,,,,Marketing Queue
L-5401,2026-09-27,Taylor,Alder,taylor.alder@cedarvalleyco.example,"Director, Digital Channels",exec_buyer_digital,Cedar Valley Co,ACC-1015,small_business,NA,300,Partner Referral,Partner B,core,False,champion_job_change@2026-09-30,Working,2026-09-30,2026-09-30,4,,,,,SDR - Fran Moretti
L-5402,2026-09-15,Drew,Fairbanks,drew.fairbanks@crescentworks.example,Operations Lead,champion_practitioner,Crescent Works,ACC-1150,mid_market,NA,1252,Outbound - Enrichment,,addon,False,team_hiring@2026-09-21,New,,,,,,,,Marketing Queue
L-5403,2026-04-20,Kendall,Ingram,kendall.ingram@tidewatersystems.example,"Director, Revenue Strategy",exec_buyer_primary,Tidewater Systems,ACC-1159,mid_market,NA,639,Outbound - Social Selling,,addon,True,competitor_renewal_window@2026-05-03,Recycled,,,,,,,,Marketing Queue
L-5404,2026-08-23,Rowan,Alder,rowan.alder@unionsquareflow.example,"Head of Product, Platform",champion_product,Union Square Flow,ACC-1419,vertical_a,NA,793,Webinar,,addon,False,email_reply_positive@2026-08-31|team_hiring@2026-09-01|email_reply_positive@2026-09-03,SQL,2026-08-24,2026-08-24,8,2026-08-29,,,,SDR - Alex Rivera
L-5405,2026-01-10,Blake,Calloway,blake.calloway@sterlinginsurance.example,"Director, Risk & Controls",influencer_risk,Sterling Insurance,ACC-1004,adjacent,NA,11349,Event,,addon,False,champion_job_change@2026-01-17,Recycled,,,,,,,,Marketing Queue
L-5406,2026-02-12,Taylor,Brooks,taylor.brooks@crescentnetwork.example,Operations Analyst,champion_practitioner,Crescent Network,ACC-1413,vertical_b,NA,2530,Outbound - Enrichment,,addon,False,team_hiring@2026-02-22|champion_job_change@2026-02-18,Recycled,,,,,,,,Marketing Queue
L-5407,2026-07-20,Reese,Ellery,reese.ellery@meridianneo.example,Chief Risk Officer,influencer_risk,Meridian Neo,ACC-1307,vertical_a,NA,775,Content Download,,addon,False,content_download@2026-07-20|demo_request@2026-08-03,Disqualified,,,,,,,Not ICP,Marketing Queue
L-5408,2026-02-22,Morgan,Rourke,morgan.rourke@meridiansystems.example,Operations Lead,champion_practitioner,Meridian Systems,ACC-1035,mid_market,NA,726,Outbound - Enrichment,,core,True,content_download@2026-03-04|champion_job_change@2026-03-06,Disqualified,,,,,,,No Use Case,Marketing Queue
L-5409,2026-02-26,Riley,Kestrel,riley.kestrel@oakmontsystems.example,Chief Risk Officer,influencer_risk,Oakmont Systems,ACC-1062,mid_market,NA,1457,Website Chat,,core,False,chat_engaged@2026-03-02,Recycled,2026-02-27,2026-02-27,8,,,,,SDR - Chen Wu
L-5410,2026-03-02,Logan,Orwell,logan.orwell@evergreensolutions.example,"Director, Digital Channels",exec_buyer_digital,Evergreen Solutions,ACC-1401,mid_market,NA,517,Website Chat,,core,True,chat_engaged@2026-03-10|champion_job_change@2026-03-21|team_hiring@2026-03-10|pricing_page_visit@2026-03-06,Disqualified,,,,,,,No Use Case,Marketing Queue
L-5411,2026-09-06,Blake,Hollis,blake.hollis@oakmontsystems.example,Head of Revenue,exec_buyer_primary,Oakmont Systems,ACC-1062,mid_market,NA,1457,Outbound - Social Selling,,core,False,champion_job_change@2026-09-21|webinar_attended@2026-09-08|content_download@2026-09-15|chat_engaged@2026-09-17,New,,,,,,,,Marketing Queue
L-5412,2026-01-11,Parker,Dunmore,parker.dunmore@ironwoodstudio.example,Office Manager,unknown,Ironwood Studio,ACC-1030,other,NA,315,Content Download,,addon,False,team_hiring@2026-01-17,Recycled,,,,,,,,Marketing Queue
L-5413,2026-09-20,Rowan,Garrow,rowan.garrow@highlandcorp.example,SVP Digital,exec_buyer_digital,Highland Corp,ACC-1335,upper_mid_market,NA,16953,Demo Request,,addon,False,demo_request@2026-10-01|team_hiring@2026-10-01|email_reply_positive@2026-09-26,New,,,,,,,,Marketing Queue
L-5414,2026-02-28,Drew,Alder,drew.alder@falconco.example,Senior Operations Manager,champion_practitioner,Falcon Co,ACC-1075,small_business,NA,152,Demo Request,,addon,True,demo_request@2026-03-05,Recycled,2026-02-28,2026-02-28,8,,,,,SDR - Eli Novak
L-5415,2026-08-18,Rowan,Nash,rowan.nash@summitridgegames.example,Chief Risk Officer,influencer_risk,Summit Ridge Games,ACC-1170,vertical_c,EMEA,2938,Paid Social,,addon,False,demo_request@2026-09-07,Working,2026-08-20,2026-08-22,50,,,,,SDR - Fran Moretti
L-5416,2026-03-02,Jordan,Sutter,jordan.sutter@lakeshorecloud.example,"VP, Revenue Operations",exec_buyer_primary,Lakeshore Cloud,ACC-1025,vertical_a,NA,691,Content Download,,addon,False,,Converted,2026-03-03,2026-03-03,20,2026-03-06,2026-03-11,OPP-7028,,SDR - Bri Okafor
L-5417,2026-07-01,Sage,Thorne,sage.thorne@copperstateagency.example,Student,unknown,Copper State Agency,ACC-1402,other,NA,343,Paid Social,,addon,False,content_download@2026-07-01|chat_engaged@2026-07-06,Recycled,,,,,,,,Marketing Queue
L-5418,2026-03-18,Drew,Calloway,drew.calloway@summitridgegames.example,Head of Operations,exec_buyer_ops,Summit Ridge Games,ACC-1170,vertical_c,EMEA,2938,Website Chat,,addon,False,chat_engaged@2026-03-28|demo_request@2026-03-23,Disqualified,2026-03-20,2026-03-21,30,,,,Duplicate,SDR - Alex Rivera
L-5419,2026-06-02,Riley,Dunmore,riley.dunmore@unionsquareflow.example,"Head of Product, Platform",champion_product,Union Square Flow,ACC-1419,vertical_a,,793,Content Download,,addon,False,pricing_page_visit@2026-06-06,Converted,2026-06-04,2026-06-06,50,2026-06-15,2026-06-18,OPP-7029,,SDR - Chen Wu
L-5420,2026-09-27,Sage,Alder,sage.alder@clearwaterco.example,Compliance Officer,influencer_risk,Clearwater Co,ACC-1363,small_business,NA,121,Outbound - Social Selling,,core,False,,New,,,,,,,,Marketing Queue
L-5421,2026-08-13,Rowan,Dunmore,rowan.dunmore@cedarvalleyco.example,"Director, Revenue Strategy",exec_buyer_primary,Cedar Valley Co,ACC-1015,small_business,NA,300,Event,,addon,False,chat_engaged@2026-08-19,Disqualified,,,,,,,Not ICP,Marketing Queue
L-5422,2026-07-24,Emerson,Sutter,emerson.sutter@bluemesalabs.example,Chief Risk Officer,influencer_risk,Blue Mesa Labs,ACC-1178,small_business,NA,61,Outbound - Enrichment,,addon,True,content_download@2026-08-02|webinar_attended@2026-07-25|email_reply_positive@2026-08-03|chat_engaged@2026-08-06,Recycled,2026-07-24,2026-07-25,30,,,,,SDR - Eli Novak
L-5423,2026-03-29,Avery,Orwell,avery.orwell@riverbendnetwork.example,Senior Operations Manager,champion_practitioner,Riverbend Network,ACC-1148,vertical_b,NA,4949,Paid Social,,addon,True,chat_engaged@2026-04-07,Recycled,,,,,,,,Marketing Queue
L-5424,2026-01-30,Reese,Quill,reese.quill@copperstatelabs.example,SVP Digital,exec_buyer_digital,Copper State Labs,ACC-1180,small_business,NA,102,Paid Social,,core,True,,Disqualified,,,,,,,Not ICP,Marketing Queue
L-5425,2026-02-15,Jamie,Marlow,jamie.marlow@cedarvalleycountyservices.example,Enterprise Architect,blocker_procurement,Cedar Valley County Services,ACC-1221,adjacent,NA,24408,Paid Social,,addon,False,competitor_renewal_window@2026-02-26,Recycled,2026-02-17,2026-02-17,6,,,,,SDR - Chen Wu
L-5426,2026-03-17,Taylor,Jessup,taylor.jessup@ironwoodconsulting.example,IT Procurement Lead,blocker_procurement,Ironwood Consulting,ACC-1411,other,APAC,241,Content Download,,addon,False,team_hiring@2026-04-03,Recycled,,,,,,,,Marketing Queue
L-5427,2026-08-19,Cameron,Nash,cameron.nash@summitridgelabs.example,"VP, Revenue Operations",exec_buyer_primary,Summit Ridge Labs,ACC-1049,small_business,NA,254,Event,,addon,False,champion_job_change@2026-09-02,SQL,2026-08-19,2026-08-19,20,2026-08-23,,,,SDR - Eli Novak
L-5428,2026-03-11,Rowan,Ellery,,Head of Operations,exec_buyer_ops,Lakeshore Media,ACC-1262,vertical_c,LATAM,684,Partner Referral,Partner C,addon,True,,Disqualified,,,,,,,No Use Case,Marketing Queue
L-5429,2026-02-28,Jordan,Dunmore,jordan.dunmore@cedarvalleyconsulting.example,Office Manager,unknown,Cedar Valley Consulting,ACC-1028,other,EMEA,422,Event,,addon,False,content_download@2026-03-18|competitor_renewal_window@2026-03-10,Recycled,,,,,,,,Marketing Queue
L-5430,2026-03-25,Morgan,Alder,morgan.alder@prairiefirstnetwork.example,Head of Operations,exec_buyer_ops,Prairie First Network,ACC-1069,vertical_b,LATAM,1316,Paid Social,,addon,False,demo_request@2026-04-09|webinar_attended@2026-03-28,Recycled,,,,,,,,Marketing Queue
L-5431,2026-07-24,Drew,Thorne,drew.thorne@tidewatersolutions.example,Operations Lead,champion_practitioner,Tidewater Solutions,ACC-1426,mid_market,NA,1160,Website Chat,,core,False,chat_engaged@2026-08-05|competitor_renewal_window@2026-07-29|webinar_attended@2026-08-10,Disqualified,,,,,,,Not ICP,Marketing Queue
L-5432,2026-04-02,Riley,Sutter,riley.sutter@summitridgemedia.example,Compliance Officer,influencer_risk,Summit Ridge Media,ACC-1336,vertical_c,NA,2347,Partner Referral,Partner B,addon,False,content_download@2026-04-11,Disqualified,,,,,,,Not ICP,Marketing Queue
L-5433,2026-05-30,Rowan,Alder,rowan.alder@falconco.example,SVP Digital,exec_buyer_digital,Falcon Co,ACC-1075,small_business,,152,Outbound - Social Selling,,addon,True,,Disqualified,2026-06-01,2026-06-01,3,,,,Student/Job Seeker,SDR - Chen Wu
L-5434,2026-04-22,Casey,Lowry,casey.lowry@crescentplay.example,"Group PM, Core Platform",champion_product,Crescent Play,ACC-1256,vertical_c,EMEA,2701,Event,,addon,False,email_reply_positive@2026-05-04|email_reply_positive@2026-04-24|pricing_page_visit@2026-05-12,Disqualified,2026-04-23,2026-04-23,6,,,,,SDR - Dana Lopes
L-5435,2026-04-07,Skyler,Sutter,skyler.sutter@arborsolutions.example,Operations Lead,champion_practitioner,Arbor Solutions,ACC-1192,mid_market,NA,654,Partner Referral,Partner C,addon,False,,Recycled,2026-04-07,2026-04-07,3,,,,,SDR - Dana Lopes
L-5436,2026-05-06,Drew,Dunmore,drew.dunmore@mapleleafagency.example,Marketing Coordinator,unknown,Maple Leaf Agency,ACC-1165,other,EMEA,146,Demo Request,,addon,False,demo_request@2026-05-18|team_hiring@2026-05-08|demo_request@2026-05-25,Disqualified,,,,,,,Student/Job Seeker,Marketing Queue
L-5437,2026-03-01,Taylor,Ingram,taylor.ingram@lakeshoresystems.example,Chief Risk Officer,influencer_risk,Lakeshore Systems,ACC-1089,mid_market,NA,100,Outbound - Social Selling,,core,True,email_reply_positive@2026-03-07,Recycled,2026-03-02,2026-03-02,20,,,,,SDR - Fran Moretti
L-5438,2026-04-19,Skyler,Fairbanks,skyler.fairbanks@granitepeakcloud.example,VP Product,champion_product,Granite Peak Cloud,ACC-1342,vertical_a,NA,2205,Website Chat,,addon,False,chat_engaged@2026-04-30|team_hiring@2026-05-07|email_reply_positive@2026-04-21,Recycled,,,,,,,,Marketing Queue
L-5439,2026-09-18,Morgan,Orwell,morgan.orwell@unionsquareco.example,Operations Lead,champion_practitioner,Union Square Co,ACC-1292,small_business,NA,48,Event,,core,False,email_reply_positive@2026-09-22,New,,,,,,,,Marketing Queue
L-5440,2026-03-06,Avery,Hollis,avery.hollis@pinecrestflow.example,VP Product,champion_product,Pinecrest Flow,ACC-1152,vertical_a,APAC,773,Outbound - Social Selling,,addon,False,email_reply_positive@2026-03-16,Recycled,,,,,,,,Marketing Queue
L-5441,2026-05-08,Riley,Sutter,riley.sutter@arbormutual.example,CISO,exec_buyer_security,Arbor Mutual,ACC-1147,adjacent,NA,15558,Partner Referral,Partner C,addon,False,demo_request@2026-05-25,Disqualified,2026-05-08,2026-05-08,1,,,,Competitor,SDR - Bri Okafor
L-5442,2026-02-05,Morgan,Nash,morgan.nash@arborco.example,"Director, Risk & Controls",influencer_risk,Arbor Co,ACC-1104,small_business,NA,283,Content Download,,core,True,demo_request@2026-02-16,Recycled,,,,,,,,Marketing Queue
L-5443,2026-01-23,Parker,Jessup,parker.jessup@riverbendneo.example,"Head of Product, Platform",champion_product,Riverbend Neo,ACC-1021,vertical_a,EMEA,77,Outbound - Social Selling,,addon,False,champion_job_change@2026-02-05,Recycled,2026-01-23,2026-01-23,1,,,,,SDR - Fran Moretti
L-5444,2026-01-14,Rowan,Ellery,rowan.ellery@ironwoodlive.example,"Head of Product, Platform",champion_product,Ironwood Live,ACC-1350,vertical_c,EMEA,2160,Partner Referral,Partner D,addon,False,,Disqualified,2026-01-17,2026-01-17,2,,,,Student/Job Seeker,SDR - Alex Rivera
L-5445,2026-02-21,Jordan,Alder,jordan.alder@falconsystems.example,"VP, Revenue Operations",exec_buyer_primary,Falcon Systems,ACC-1121,mid_market,NA,227,Website Chat,,core,True,chat_engaged@2026-03-11,Converted,2026-02-22,2026-02-23,30,2026-02-25,2026-03-01,OPP-7030,,SDR - Chen Wu
L-5446,2026-09-07,Parker,Lowry,parker.lowry@bluemesapay.example,VP Information Security,exec_buyer_security,Blue Mesa Pay,ACC-1066,vertical_a,APAC,2860,Demo Request,,addon,False,demo_request@2026-09-15|email_reply_positive@2026-09-13,Working,2026-09-09,2026-09-09,8,,,,,SDR - Bri Okafor
L-5447,2026-06-17,Hayden,Thorne,hayden.thorne@highlandneo.example,"Director, Risk & Controls",influencer_risk,Highland Neo,ACC-1269,vertical_a,EMEA,1197,Partner Referral,Partner A,addon,True,,Disqualified,,,,,,,Competitor,Marketing Queue
L-5448,2026-03-08,Emerson,Dunmore,emersondunmore@gmail.example,"Director, Operations",exec_buyer_ops,Union Square Exchange,ACC-1283,vertical_b,NA,3799,Event,,addon,True,pricing_page_visit@2026-03-09|webinar_attended@2026-03-22,Recycled,2026-03-11,2026-03-11,6,,,,,SDR - Dana Lopes
L-5449,2026-07-20,Taylor,Marlow,taylor.marlow@sterlinghub.example,"Head of Product, Platform",champion_product,Sterling Hub,ACC-1009,vertical_b,LATAM,1957,Outbound - Social Selling,,addon,False,,Disqualified,2026-07-22,2026-07-22,1,,,,Not ICP,SDR - Chen Wu
L-5450,2026-04-25,Jordan,Dunmore,jordan.dunmore@unionsquarenetwork.example,Operations Lead,champion_practitioner,Union Square Network,ACC-1414,vertical_b,NA,4948,Website Chat,,addon,False,chat_engaged@2026-05-08,Recycled,,,,,,,,Marketing Queue
L-5451,2026-09-27,Rowan,Orwell,rowan.orwell@keystonepartners.example,Operations Lead,champion_practitioner,Keystone Partners,ACC-1237,upper_mid_market,NA,5733,Paid Social,,core,True,,New,,,,,,,,Marketing Queue
L-5452,2026-05-12,Kendall,Ingram,kendall.ingram@silverlineconsulting.example,Consultant,unknown,Silverline Consulting,ACC-1140,other,NA,383,Partner Referral,Partner C,addon,False,team_hiring@2026-05-13,Disqualified,,,,,,,Not ICP,Marketing Queue
L-5453,2026-04-06,Emerson,Brooks,emerson.brooks@silverlinehealth.example,Chief Risk Officer,influencer_risk,Silverline Health,ACC-1428,adjacent,NA,11622,Outbound - Social Selling,,addon,False,competitor_renewal_window@2026-04-06,Recycled,,,,,,,,Marketing Queue
L-5454,2026-06-14,Drew,Pruitt,drew.pruitt@sterlingcorp.example,Vendor Risk Manager,blocker_procurement,Sterling Corp,ACC-1141,upper_mid_market,NA,10171,Demo Request,,core,False,demo_request@2026-06-22,Disqualified,,,,,,,Not ICP,Marketing Queue
L-5455,2026-09-21,Drew,Ingram,drewingram@gmail.example,Vendor Risk Manager,blocker_procurement,Sterling Collective,ACC-1094,other,NA,373,Outbound - Social Selling,,addon,False,demo_request@2026-10-01|webinar_attended@2026-09-22,New,,,,,,,,Marketing Queue
L-5456,2026-02-13,Morgan,Hollis,morgan.hollis@summitridgehub.example,"Director, Operations",exec_buyer_ops,Summit Ridge Hub,ACC-1179,vertical_b,EMEA,2453,Partner Referral,Partner D,addon,False,,Disqualified,,,,,,,Not ICP,Marketing Queue
L-5457,2026-06-21,Cameron,Pruitt,cameron.pruitt@keystonecorp.example,"VP, Revenue Operations",exec_buyer_primary,Keystone Corp,ACC-1073,upper_mid_market,NA,16583,Event,,core,True,team_hiring@2026-07-11,Recycled,2026-06-21,2026-06-21,6,,,,,SDR - Chen Wu
L-5458,2026-09-22,Jamie,Sutter,jamie.sutter@harborviewhub.example,Operations Lead,champion_practitioner,Harborview Hub,ACC-1261,vertical_b,NA,1804,Event,,addon,False,team_hiring@2026-10-01|demo_request@2026-09-26|team_hiring@2026-10-01|chat_engaged@2026-09-24,New,,,,,,,,Marketing Queue
L-5459,2026-09-03,Reese,Hollis,reese.hollis@oakmontsystems.example,Head of Digital Products,exec_buyer_digital,Oakmont Systems,ACC-1062,mid_market,NA,1457,Partner Referral,Partner D,addon,False,webinar_attended@2026-09-21,Working,2026-09-05,2026-09-05,2,,,,,SDR - Chen Wu
L-5460,2026-09-20,Logan,Ellery,logan.ellery@bluemesaconsulting.example,Consultant,unknown,Blue Mesa Consulting,ACC-1040,other,NA,178,Demo Request,,addon,False,demo_request@2026-10-01|webinar_attended@2026-10-01|team_hiring@2026-09-27,New,,,,,,,,Marketing Queue
L-5461,2026-06-28,Hayden,Nash,hayden.nash@copperstateflow.example,Compliance Officer,influencer_risk,Copper State Flow,ACC-1407,vertical_a,EMEA,2998,Event,,addon,False,,Disqualified,,,,,,,Not ICP,Marketing Queue
L-5462,2026-03-07,Riley,Ellery,riley.ellery@arborflow.example,Head of Revenue,exec_buyer_primary,Arbor Flow,ACC-1007,vertical_a,NA,1230,Outbound - Enrichment,,addon,False,email_reply_positive@2026-03-22,Converted,2026-03-08,2026-03-08,2,2026-03-23,2026-03-26,OPP-7031,,SDR - Bri Okafor
L-5463,2026-06-04,Kendall,Thorne,kendall.thorne@cedarvalleyworks.example,Head of Revenue,exec_buyer_primary,Cedar Valley Works,ACC-1205,mid_market,NA,484,Demo Request,,core,False,demo_request@2026-06-22,Recycled,,,,,,,,Marketing Queue
L-5464,2026-08-16,Casey,Alder,casey.alder@copperstatecloud.example,CISO,exec_buyer_security,Copper State Cloud,ACC-1322,vertical_a,EMEA,1528,Paid Social,,addon,False,pricing_page_visit@2026-08-21|email_reply_positive@2026-08-18,Recycled,2026-08-19,2026-08-19,8,2026-08-29,,,,SDR - Bri Okafor
L-5465,2026-06-28,Reese,Kestrel,reese.kestrel@pinecrestflow.example,VP Information Security,exec_buyer_security,Pinecrest Flow,ACC-1152,vertical_a,APAC,773,Website Chat,,addon,False,chat_engaged@2026-07-16|email_reply_positive@2026-07-11,Recycled,,,,,,,,Marketing Queue
L-5466,2026-09-27,Quinn,Dunmore,quinn.dunmore@lakeshorestudio.example,Senior Operations Manager,champion_practitioner,Lakeshore Studio,ACC-1107,small_business,NA,177,Paid Social,,core,True,champion_job_change@2026-09-30|champion_job_change@2026-10-01,New,,,,,,,,Marketing Queue
L-5467,2026-05-03,Taylor,Rourke,taylor.rourke@riverbendcloud.example,VP Product,champion_product,Riverbend Cloud,ACC-1310,vertical_a,,2286,Paid Social,,addon,False,,Recycled,2026-05-03,2026-05-05,50,,,,,SDR - Chen Wu
L-5468,2026-08-11,Riley,Dunmore,riley.dunmore@arborco.example,Compliance Officer,influencer_risk,Arbor Co,ACC-1104,small_business,NA,283,Outbound - Social Selling,,addon,True,competitor_renewal_window@2026-08-20,Working,2026-08-12,2026-08-12,6,,,,,SDR - Alex Rivera
L-5469,2026-02-12,Skyler,Ingram,skyler.ingram@riverbendstack.example,"VP, Revenue Operations",exec_buyer_primary,Riverbend Stack,ACC-1381,vertical_a,NA,2066,Event,,addon,False,,Recycled,,,,,,,,Marketing Queue
L-5470,2026-09-28,Blake,Brooks,blake.brooks@cedarvalleycountyservices.example,CISO,exec_buyer_security,Cedar Valley County Services,ACC-1221,adjacent,NA,24408,Event,,addon,False,,Enriching,,,,,,,,Marketing Queue
L-5471,2026-05-20,Quinn,Pruitt,quinn.pruitt@sterlinggames.example,Chief Risk Officer,influencer_risk,Sterling Games,ACC-1344,vertical_c,NA,2695,Outbound - Social Selling,,addon,True,,Disqualified,,,,,,,Competitor,Marketing Queue
L-5472,2026-09-13,Rowan,Sutter,rowan.sutter@summitridgepartners.example,Head of Revenue,exec_buyer_primary,Summit Ridge Partners,ACC-1222,upper_mid_market,APAC,19905,Partner Referral,Partner B,core,True,demo_request@2026-09-26|content_download@2026-10-01,New,,,,,,,,Marketing Queue
L-5473,2026-09-12,Jamie,Dunmore,jamie.dunmore@granitepeakcloud.example,"Director, IT Security",exec_buyer_security,Granite Peak Cloud,ACC-1342,vertical_a,NA,2205,Outbound - Enrichment,,addon,False,email_reply_positive@2026-09-27|content_download@2026-09-15,New,,,,,,,,Marketing Queue
L-5474,2026-08-10,Cameron,Marlow,cameron.marlow@falconlive.example,"Director, Risk & Controls",influencer_risk,Falcon Live,ACC-1166,vertical_c,NA,3276,Demo Request,,addon,False,demo_request@2026-08-13,Disqualified,,,,,,,No Use Case,Marketing Queue
L-5475,2026-06-02,Blake,Kestrel,blake.kestrel@evergreencollective.example,Consultant,unknown,Evergreen Collective,ACC-1120,other,EMEA,308,Paid Social,,addon,False,team_hiring@2026-06-03,Disqualified,,,,,,,Student/Job Seeker,Marketing Queue
L-5476,2026-09-10,Emerson,Nash,emerson.nash@clearwaterstudio.example,Consultant,unknown,Clearwater Studio,ACC-1027,other,NA,128,Content Download,,addon,False,demo_request@2026-09-19,Disqualified,,,,,,,Bad Data,Marketing Queue
L-5477,2026-01-15,Skyler,Lowry,skyler.lowry@bluemesapay.example,VP Product,champion_product,Blue Mesa Pay,ACC-1066,vertical_a,APAC,2860,Outbound - Enrichment,,addon,False,,Recycled,,,,,,,,Marketing Queue
L-5478,2026-07-26,Skyler,Nash,skyler.nash@prairiefirstcollective.example,Vendor Risk Manager,blocker_procurement,Prairie First Collective,ACC-1080,other,NA,345,Content Download,,addon,False,pricing_page_visit@2026-08-06,Disqualified,2026-07-26,2026-07-28,50,,,,Duplicate,SDR - Chen Wu
L-5479,2026-05-02,Riley,Marlow,riley.marlow@ironwoodindustries.example,"Director, Revenue Strategy",exec_buyer_primary,Ironwood Industries,ACC-1154,upper_mid_market,NA,17735,Content Download,,addon,True,,Recycled,,,,,,,,Marketing Queue
L-5480,2026-01-15,Logan,Marlow,logan.marlow@pinecrestcorp.example,Senior Operations Manager,champion_practitioner,Pinecrest Corp,ACC-1390,upper_mid_market,NA,6448,Website Chat,,addon,True,chat_engaged@2026-02-03|pricing_page_visit@2026-01-18,Recycled,,,,,,,,Marketing Queue
L-5481,2026-04-18,Reese,Nash,reese.nash@silverlineconsulting.example,Student,unknown,Silverline Consulting,ACC-1140,other,NA,383,Demo Request,,addon,False,demo_request@2026-04-30,Disqualified,,,,,,,Student/Job Seeker,Marketing Queue
L-5482,2026-09-16,Cameron,Pruitt,cameron.pruitt@cedarvalleyflow.example,"Head of Product, Platform",champion_product,Cedar Valley Flow,ACC-1195,vertical_a,NA,2227,Outbound - Enrichment,,addon,True,email_reply_positive@2026-09-19|competitor_renewal_window@2026-09-23|demo_request@2026-09-28|webinar_attended@2026-09-30,Working,2026-09-16,2026-09-16,2,,,,,SDR - Eli Novak
L-5483,2026-03-18,Parker,Ingram,parker.ingram@silverlineglobal.example,"Director, Revenue Strategy",exec_buyer_primary,Silverline Global,ACC-1127,enterprise,NA,83780,Outbound - Enrichment,,core,True,competitor_renewal_window@2026-04-03|webinar_attended@2026-03-19,Recycled,2026-03-21,2026-03-21,1,2026-03-26,,,,SDR - Dana Lopes
L-5484,2026-05-05,Blake,Calloway,blake.calloway@bluemesamarket.example,Operations Analyst,champion_practitioner,Blue Mesa Market,ACC-1160,vertical_b,LATAM,2010,Event,,addon,False,competitor_renewal_window@2026-05-21,Converted,2026-05-06,2026-05-06,1,2026-05-19,2026-05-20,OPP-7032,,SDR - Alex Rivera
L-5485,2026-04-02,Blake,Nash,blake.nash@evergreenneo.example,CISO,exec_buyer_security,Evergreen Neo,ACC-1217,vertical_a,NA,436,Partner Referral,Partner D,addon,False,,Disqualified,2026-04-04,2026-04-04,6,,,,No Use Case,SDR - Chen Wu
L-5486,2026-04-19,Emerson,Garrow,emerson.garrow@mapleleafcollective.example,IT Procurement Lead,blocker_procurement,Maple Leaf Collective,ACC-1267,other,LATAM,423,Event,,addon,False,content_download@2026-05-04,Recycled,,,,,,,,Marketing Queue
L-5487,2026-08-06,Morgan,Alder,morgan.alder@sterlingsolutions.example,Compliance Officer,influencer_risk,Sterling Solutions,ACC-1005,mid_market,NA,259,Webinar,,core,True,,Recycled,,,,,,,,Marketing Queue
L-5488,2026-02-08,Drew,Jessup,drew.jessup@tidewatercloud.example,"Director, Revenue Strategy",exec_buyer_primary,Tidewater Cloud,ACC-1304,vertical_a,NA,383,Event,,addon,True,webinar_attended@2026-02-19|demo_request@2026-02-14,Disqualified,2026-02-10,2026-02-10,8,,,,Student/Job Seeker,SDR - Fran Moretti
L-5489,2026-03-24,Riley,Ellery,riley.ellery@keystonemedia.example,"Director, Risk & Controls",influencer_risk,Keystone Media,ACC-1103,vertical_c,NA,2039,Demo Request,,addon,True,demo_request@2026-03-29|content_download@2026-04-11,Recycled,,,,,,,,Marketing Queue
L-5490,2026-09-04,Jamie,Garrow,jamie.garrow@highlandco.example,Chief Risk Officer,influencer_risk,Highland Co,ACC-1309,small_business,NA,187,Content Download,,core,False,,Working,2026-09-07,2026-09-07,1,,,,,SDR - Bri Okafor
L-5491,2026-08-10,Jamie,Rourke,jamie.rourke@harborviewhub.example,"Head of Product, Platform",champion_product,Harborview Hub,ACC-1261,vertical_b,NA,1804,Outbound - Social Selling,,addon,False,email_reply_positive@2026-08-13,Recycled,,,,,,,,Marketing Queue
L-5492,2026-04-24,Blake,Nash,blake.nash@copperstateconsulting.example,Student,unknown,Copper State Consulting,ACC-1271,other,NA,196,Webinar,,addon,False,content_download@2026-04-28|team_hiring@2026-05-11|competitor_renewal_window@2026-05-09|content_download@2026-04-27,Disqualified,,,,,,,No Use Case,Marketing Queue
L-5493,2026-07-19,Avery,Garrow,avery.garrow@oakmontstack.example,"VP, Revenue Operations",exec_buyer_primary,Oakmont Stack,ACC-1315,vertical_a,EMEA,1444,Event,,addon,False,,Recycled,2026-07-21,2026-07-21,8,2026-07-28,,,,SDR - Eli Novak
L-5494,2026-05-25,Jordan,Sutter,jordan.sutter@arborstudio.example,"Director, Digital Channels",exec_buyer_digital,Arbor Studio,ACC-1139,small_business,NA,162,Outbound - Social Selling,,addon,False,content_download@2026-06-02,Disqualified,,,,,,,No Use Case,Marketing Queue
L-5495,2026-01-24,Casey,Fairbanks,casey.fairbanks@meridianstudio.example,"Director, Digital Channels",exec_buyer_digital,Meridian Studio,ACC-1447,small_business,NA,115,Event,,addon,False,,Recycled,,,,,,,,Marketing Queue
L-5496,2026-02-23,Avery,Marlow,avery.marlow@lakeshorelabs.example,"Director, Risk & Controls",influencer_risk,Lakeshore Labs,ACC-1031,small_business,NA,112,Partner Referral,Partner C,core,False,webinar_attended@2026-03-15|demo_request@2026-03-05|champion_job_change@2026-02-28|champion_job_change@2026-03-11,Converted,2026-02-24,2026-02-24,6,2026-03-05,2026-03-09,OPP-7033,,SDR - Dana Lopes
L-5497,2026-06-13,Morgan,Sutter,morgan.sutter@oakmontpay.example,"Head of Product, Platform",champion_product,Oakmont Pay,ACC-1088,vertical_a,EMEA,992,Paid Social,,addon,False,chat_engaged@2026-06-23|competitor_renewal_window@2026-07-01,Recycled,,,,,,,,Marketing Queue
L-5498,2026-01-15,Morgan,Hollis,morgan.hollis@ironwoodhub.example,Operations Analyst,champion_practitioner,Ironwood Hub,ACC-1302,vertical_b,NA,1044,Webinar,,addon,False,webinar_attended@2026-02-04|champion_job_change@2026-01-29,Disqualified,,,,,,,Competitor,Marketing Queue
L-5499,2026-07-18,Casey,Sutter,casey.sutter@sterlingstudio.example,SVP Digital,exec_buyer_digital,Sterling Studio,ACC-1158,small_business,NA,236,Paid Social,,core,False,,Disqualified,2026-07-19,2026-07-19,3,,,,Bad Data,SDR - Dana Lopes
L-5500,2026-07-10,Logan,Marlow,logan.marlow@westfieldpartners.example,Vendor Risk Manager,blocker_procurement,Westfield Partners,ACC-1181,upper_mid_market,NA,6189,Event,,addon,True,email_reply_positive@2026-07-24|pricing_page_visit@2026-07-11,Disqualified,2026-07-12,2026-07-12,4,,,,Not ICP,SDR - Chen Wu
L-5501,2026-05-18,Logan,Kestrel,logan.kestrel@crescentcorp.example,Senior Operations Manager,champion_practitioner,Crescent Corp,ACC-1111,upper_mid_market,NA,8642,Website Chat,,core,False,chat_engaged@2026-06-07|pricing_page_visit@2026-06-02|pricing_page_visit@2026-06-01,Recycled,2026-05-18,2026-05-18,8,,,,,SDR - Chen Wu
L-5502,2026-02-25,Emerson,Thorne,emerson.thorne@oakmontconsulting.example,Vendor Risk Manager,blocker_procurement,Oakmont Consulting,ACC-1172,other,EMEA,230,Webinar,,addon,False,content_download@2026-03-02|competitor_renewal_window@2026-03-14|pricing_page_visit@2026-02-25,Disqualified,,,,,,,Student/Job Seeker,Marketing Queue
L-5503,2026-06-26,Riley,Nash,riley.nash@prairiefirstflow.example,Chief Risk Officer,influencer_risk,Prairie First Flow,ACC-1129,vertical_a,NA,1059,Outbound - Social Selling,,addon,False,content_download@2026-06-27|webinar_attended@2026-07-12,Recycled,,,,,,,,Marketing Queue
L-5504,2026-03-17,Cameron,Orwell,cameron.orwell@prairiefirststudio.example,"Director, Revenue Strategy",exec_buyer_primary,Prairie First Studio,ACC-1153,small_business,NA,180,Webinar,,core,True,demo_request@2026-03-19|content_download@2026-03-21,Converted,2026-03-18,2026-03-18,6,2026-03-22,2026-03-23,OPP-7034,,SDR - Bri Okafor
L-5505,2026-07-15,Parker,Rourke,parker.rourke@westfieldplay.example,VP Product,champion_product,Westfield Play,ACC-1078,vertical_c,NA,2411,Website Chat,,addon,False,chat_engaged@2026-07-18,Disqualified,,,,,,,No Use Case,Marketing Queue
L-5506,2026-06-16,Hayden,Thorne,hayden.thorne@pinecrestconsulting.example,Marketing Coordinator,unknown,Pinecrest Consulting,ACC-1198,other,NA,242,Webinar,,addon,False,champion_job_change@2026-06-25,Disqualified,,,,,,,Bad Data,Marketing Queue
L-5507,2026-04-06,Avery,Thorne,avery.thorne@silverlineplay.example,"Head of Product, Platform",champion_product,Silverline Play,ACC-1113,vertical_c,NA,3854,Content Download,,addon,False,champion_job_change@2026-04-22,Recycled,2026-04-07,2026-04-07,3,,,,,SDR - Alex Rivera
L-5508,2026-04-07,Reese,Marlow,reese.marlow@arborindustries.example,Operations Lead,champion_practitioner,Arbor Industries,ACC-1173,upper_mid_market,NA,6223,Outbound - Enrichment,,addon,True,,Recycled,,,,,,,,Marketing Queue
L-5509,2026-08-31,Rowan,Alder,rowan.alder@bayfrontcorp.example,"Director, Revenue Strategy",exec_buyer_primary,Bayfront Corp,ACC-1264,upper_mid_market,NA,6924,Demo Request,,addon,False,demo_request@2026-09-20,Recycled,,,,,,,,Marketing Queue
L-5510,2026-02-01,Emerson,Quill,emerson.quill@cedarvalleyworks.example,Senior Operations Manager,champion_practitioner,Cedar Valley Works,ACC-1205,mid_market,NA,484,Paid Social,,addon,False,chat_engaged@2026-02-20,Disqualified,,,,,,,Not ICP,Marketing Queue
L-5511,2026-02-14,Logan,Ingram,logan.ingram@cedarvalleysolutions.example,Senior Operations Manager,champion_practitioner,Cedar Valley Solutions,ACC-1272,mid_market,NA,509,Webinar,,addon,True,,Recycled,,,,,,,,Marketing Queue
L-5512,2026-01-30,Avery,Rourke,avery.rourke@granitepeakstudio.example,Chief Risk Officer,influencer_risk,Granite Peak Studio,ACC-1235,small_business,NA,38,Event,,addon,True,champion_job_change@2026-02-08,Recycled,2026-02-01,2026-02-01,6,,,,,SDR - Eli Novak
L-5513,2026-05-12,Riley,Ellery,riley.ellery@silverlinesystems.example,Operations Lead,champion_practitioner,Silverline Systems,ACC-1378,mid_market,NA,483,Webinar,,addon,False,,Recycled,,,,,,,,Marketing Queue
L-5514,2026-01-25,Kendall,Dunmore,kendall.dunmore@riverbendworks.example,Operations Analyst,champion_practitioner,Riverbend Works,ACC-1124,mid_market,NA,1486,Demo Request,,core,False,demo_request@2026-01-29,Disqualified,,,,,,,No Use Case,Marketing Queue
L-5515,2026-05-16,Kendall,Quill,kendall.quill@sterlingcollective.example,IT Procurement Lead,blocker_procurement,Sterling Collective,ACC-1094,other,NA,373,Demo Request,,addon,False,demo_request@2026-05-19|webinar_attended@2026-06-03|content_download@2026-05-25,Disqualified,,,,,,,Not ICP,Marketing Queue
L-5516,2026-05-25,Rowan,Fairbanks,rowan.fairbanks@granitepeakglobal.example,Compliance Officer,influencer_risk,Granite Peak Global,ACC-1110,enterprise,EMEA,182879,Webinar,,addon,True,demo_request@2026-06-13,Recycled,2026-05-28,2026-05-28,3,2026-06-06,,,,SDR - Alex Rivera
L-5517,2026-01-14,Emerson,Sutter,emerson.sutter@silverlineplay.example,Compliance Officer,influencer_risk,Silverline Play,ACC-1113,vertical_c,NA,3854,Event,,addon,False,content_download@2026-02-02,Recycled,,,,,,,,Marketing Queue
L-5518,2026-07-01,Parker,Garrow,parker.garrow@northgatemarket.example,"Group PM, Core Platform",champion_product,Northgate Market,ACC-1174,vertical_b,NA,2221,Outbound - Social Selling,,addon,False,,Recycled,,,,,,,,Marketing Queue
L-5519,2026-09-11,Sage,Lowry,sage.lowry@bluemesaconsulting.example,Enterprise Architect,blocker_procurement,Blue Mesa Consulting,ACC-1040,other,,178,Partner Referral,Partner C,addon,False,,Disqualified,,,,,,,Student/Job Seeker,Marketing Queue
L-5520,2026-07-04,Blake,Pruitt,blake.pruitt@evergreencloud.example,"VP, Revenue Operations",exec_buyer_primary,Evergreen Cloud,ACC-1299,vertical_a,EMEA,1853,Outbound - Enrichment,,addon,False,demo_request@2026-07-13,Converted,2026-07-07,2026-07-07,2,2026-07-12,2026-07-12,OPP-7035,,SDR - Bri Okafor
L-5521,2026-07-29,Kendall,Ingram,kendall.ingram@mapleleafgroup.example,IT Procurement Lead,blocker_procurement,Maple Leaf Group,ACC-1392,enterprise,NA,95153,Partner Referral,Partner D,core,True,webinar_attended@2026-08-11,Disqualified,,,,,,,Competitor,Marketing Queue
L-5522,2026-04-30,Emerson,Fairbanks,emerson.fairbanks@bayfrontstudio.example,Operations Lead,champion_practitioner,Bayfront Studio,ACC-1257,small_business,NA,139,Outbound - Enrichment,,addon,False,competitor_renewal_window@2026-05-09,Recycled,2026-05-02,2026-05-03,30,,,,,SDR - Dana Lopes
L-5523,2026-04-11,Kendall,Sutter,kendall.sutter@keystoneflow.example,"Director, IT Security",exec_buyer_security,Keystone Flow,ACC-1214,vertical_a,NA,472,Website Chat,,addon,False,chat_engaged@2026-04-30|email_reply_positive@2026-04-13,Disqualified,2026-04-12,2026-04-12,3,,,,Bad Data,SDR - Alex Rivera
L-5524,2026-09-23,Taylor,Kestrel,taylor.kestrel@arborcloud.example,CISO,exec_buyer_security,Arbor Cloud,ACC-1380,vertical_a,NA,1189,Content Download,,addon,False,pricing_page_visit@2026-10-01|champion_job_change@2026-09-30|pricing_page_visit@2026-10-01,Working,2026-09-26,2026-09-27,30,,,,,SDR - Bri Okafor
L-5525,2026-06-23,Jordan,Nash,jordan.nash@lakeshoreco.example,"Director, Digital Channels",exec_buyer_digital,Lakeshore Co,ACC-1236,small_business,NA,140,Webinar,,addon,True,chat_engaged@2026-06-23,Recycled,2026-06-26,2026-06-26,6,,,,,SDR - Fran Moretti
L-5526,2026-01-17,Rowan,Brooks,rowan.brooks@highlandagency.example,Vendor Risk Manager,blocker_procurement,Highland Agency,ACC-1273,other,EMEA,245,Outbound - Social Selling,,addon,False,demo_request@2026-01-26,Disqualified,,,,,,,Bad Data,Marketing Queue
L-5527,2026-05-19,Jamie,Pruitt,jamie.pruitt@stonebridgehub.example,"Director, Operations",exec_buyer_ops,Stonebridge Hub,ACC-1053,vertical_b,APAC,1723,Demo Request,,addon,False,demo_request@2026-06-01|champion_job_change@2026-05-23,Recycled,,,,,,,,Marketing Queue
L-5528,2026-05-18,Emerson,Ingram,emerson.ingram@pinecrestlabs.example,Head of Revenue,exec_buyer_primary,Pinecrest Labs,ACC-1385,small_business,NA,182,Event,,core,True,competitor_renewal_window@2026-05-28,Recycled,2026-05-20,2026-05-20,1,2026-05-27,,,,SDR - Fran Moretti
L-5529,2026-06-10,Kendall,Jessup,kendall.jessup@westfieldstudio.example,Vendor Risk Manager,blocker_procurement,Westfield Studio,ACC-1081,other,NA,68,Outbound - Social Selling,,addon,False,content_download@2026-06-14|pricing_page_visit@2026-06-14,Disqualified,,,,,,,Not ICP,Marketing Queue
L-5530,2026-05-17,Quinn,Lowry,quinn.lowry@evergreencloud.example,"Group PM, Core Platform",champion_product,Evergreen Cloud,ACC-1299,vertical_a,EMEA,1853,Event,,addon,False,email_reply_positive@2026-05-29|competitor_renewal_window@2026-06-05,Disqualified,2026-05-19,2026-05-19,20,,,,Bad Data,SDR - Dana Lopes
L-5531,2026-07-18,Taylor,Hollis,taylor.hollis@lakeshoresystems.example,Operations Lead,champion_practitioner,Lakeshore Systems,ACC-1089,mid_market,NA,100,Website Chat,,core,True,chat_engaged@2026-07-28|webinar_attended@2026-07-27,Recycled,,,,,,,,Marketing Queue
L-5532,2026-05-01,Riley,Kestrel,riley.kestrel@falconindustries.example,Vendor Risk Manager,blocker_procurement,Falcon Industries,ACC-1006,upper_mid_market,NA,2923,Content Download,,core,False,demo_request@2026-05-13,Recycled,,,,,,,,Marketing Queue
L-5533,2026-04-08,Jordan,Thorne,jordan.thorne@mapleleafcloud.example,Chief Risk Officer,influencer_risk,Maple Leaf Cloud,ACC-1125,vertical_a,NA,2979,Content Download,,addon,False,competitor_renewal_window@2026-04-13,Disqualified,,,,,,,Not ICP,Marketing Queue
L-5534,2026-02-05,Riley,Rourke,riley.rourke@mapleleafcollective.example,Office Manager,unknown,Maple Leaf Collective,ACC-1267,other,LATAM,423,Content Download,,addon,False,competitor_renewal_window@2026-02-19,Recycled,,,,,,,,Marketing Queue
L-5535,2026-04-25,Hayden,Dunmore,hayden.dunmore@bayfronthealth.example,"Director, IT Security",exec_buyer_security,Bayfront Health,ACC-1101,adjacent,EMEA,25287,Outbound - Social Selling,,addon,False,demo_request@2026-05-13,Recycled,,,,,,,,Marketing Queue
L-5536,2026-08-01,Sage,Pruitt,sage.pruitt@harborviewstack.example,Chief Risk Officer,influencer_risk,Harborview Stack,ACC-1000,vertical_a,NA,601,Paid Social,,addon,False,pricing_page_visit@2026-08-11,Converted,2026-08-02,2026-08-02,8,2026-08-12,2026-08-17,OPP-7036,,SDR - Dana Lopes
L-5537,2026-09-22,Hayden,Jessup,hayden.jessup@highlandnetwork.example,VP Product,champion_product,Highland Network,ACC-1003,vertical_b,NA,4877,Outbound - Social Selling,,addon,False,pricing_page_visit@2026-09-24,Working,2026-09-23,2026-09-23,4,,,,,SDR - Chen Wu
L-5538,2026-06-17,Reese,Thorne,reese.thorne@crescentplay.example,Head of Operations,exec_buyer_ops,Crescent Play,ACC-1256,vertical_c,EMEA,2701,Partner Referral,Partner D,addon,False,,Recycled,2026-06-18,2026-06-18,20,,,,,SDR - Chen Wu
L-5539,2026-08-06,Reese,Lowry,reese.lowry@bayfrontcorp.example,Operations Lead,champion_practitioner,Bayfront Corp,ACC-1264,upper_mid_market,NA,6924,Paid Social,,addon,False,content_download@2026-08-21,Recycled,,,,,,,,Marketing Queue
L-5540,2026-01-07,Hayden,Lowry,hayden.lowry@redwoodnetwork.example,VP Product,champion_product,Redwood Network,ACC-1201,vertical_b,NA,1315,Outbound - Enrichment,,addon,False,,Recycled,,,,,,,,Marketing Queue
L-5541,2026-06-04,Hayden,Marlow,hayden.marlow@falconstudio.example,Chief Risk Officer,influencer_risk,Falcon Studio,ACC-1106,small_business,NA,103,Event,,core,True,,Disqualified,,,,,,,No Use Case,Marketing Queue
L-5542,2026-03-28,Jamie,Ingram,jamie.ingram@bluemesaworks.example,"VP, Revenue Operations",exec_buyer_primary,Blue Mesa Works,ACC-1038,mid_market,NA,932,Event,,core,True,competitor_renewal_window@2026-03-29|team_hiring@2026-04-12,Disqualified,2026-03-30,2026-03-30,6,,,,Student/Job Seeker,SDR - Fran Moretti
L-5543,2026-08-04,Jamie,Kestrel,jamie.kestrel@meridiannetwork.example,"Head of Product, Platform",champion_product,Meridian Network,ACC-1037,vertical_b,NA,3924,Webinar,,addon,False,content_download@2026-08-22|webinar_attended@2026-08-21|chat_engaged@2026-08-18,Converted,2026-08-06,2026-08-06,1,2026-08-20,2026-08-25,OPP-7037,,SDR - Chen Wu
L-5544,2026-04-24,Cameron,Kestrel,cameron.kestrel@ironwoodco.example,Operations Analyst,champion_practitioner,Ironwood Co,ACC-1395,small_business,NA,265,Webinar,,addon,False,webinar_attended@2026-05-08,Recycled,2026-04-24,2026-04-24,3,2026-05-02,,,,SDR - Eli Novak
L-5545,2026-07-15,Parker,Jessup,parker.jessup@ironwoodstudio.example,Enterprise Architect,blocker_procurement,Ironwood Studio,ACC-1030,other,NA,315,Website Chat,,addon,False,chat_engaged@2026-07-31|champion_job_change@2026-08-01,Disqualified,,,,,,,Not ICP,Marketing Queue
L-5546,2026-09-01,Casey,Kestrel,casey.kestrel@falconworks.example,"Director, Digital Channels",exec_buyer_digital,Falcon Works,ACC-1433,mid_market,NA,1441,Content Download,,addon,False,team_hiring@2026-09-09|competitor_renewal_window@2026-09-15,New,,,,,,,,Marketing Queue
L-5547,2026-01-15,Avery,Hollis,avery.hollis@unionsquareflow.example,VP Information Security,exec_buyer_security,Union Square Flow,ACC-1419,vertical_a,NA,793,Outbound - Enrichment,,addon,False,demo_request@2026-02-03|team_hiring@2026-01-15,Recycled,,,,,,,,Marketing Queue
L-5548,2026-07-05,Casey,Garrow,casey.garrow@silverlinelabs.example,Head of Revenue,exec_buyer_primary,Silverline Labs,ACC-1234,small_business,NA,259,Webinar,,core,False,,Recycled,,,,,,,,Marketing Queue
L-5549,2026-05-02,Drew,Hollis,drew.hollis@arbornetwork.example,VP Product,champion_product,Arbor Network,ACC-1445,vertical_b,NA,3674,Content Download,,addon,False,pricing_page_visit@2026-05-15,Converted,2026-05-03,2026-05-04,30,2026-05-12,2026-05-17,OPP-7038,,SDR - Dana Lopes
L-5550,2026-08-17,Rowan,Sutter,rowan.sutter@lakeshorecloud.example,"Director, IT Security",exec_buyer_security,Lakeshore Cloud,ACC-1025,vertical_a,NA,691,Outbound - Enrichment,,addon,False,,Working,2026-08-17,2026-08-17,3,,,,,SDR - Fran Moretti
L-5551,2026-06-16,Morgan,Quill,morgan.quill@highlandco.example,Compliance Officer,influencer_risk,Highland Co,ACC-1309,small_business,NA,187,Outbound - Enrichment,,core,False,,Recycled,,,,,,,,Marketing Queue
L-5552,2026-07-05,Avery,Ingram,avery.ingram@crescentindustries.example,"VP, Revenue Operations",exec_buyer_primary,Crescent Industries,ACC-1204,upper_mid_market,NA,13253,Event,,core,True,chat_engaged@2026-07-18|content_download@2026-07-12|chat_engaged@2026-07-25|team_hiring@2026-07-20,Recycled,2026-07-06,2026-07-06,3,,,,,SDR - Fran Moretti
L-5553,2026-02-05,Quinn,Quill,quinn.quill@bayfrontpay.example,VP Product,champion_product,Bayfront Pay,ACC-1240,vertical_a,LATAM,733,Content Download,,addon,False,content_download@2026-02-16|team_hiring@2026-02-10|team_hiring@2026-02-10,Recycled,,,,,,,,Marketing Queue
L-5554,2026-01-20,Cameron,Ingram,cameron.ingram@copperstateagency.example,Marketing Coordinator,unknown,Copper State Agency,ACC-1402,other,NA,343,Outbound - Social Selling,,addon,False,team_hiring@2026-02-09,Disqualified,,,,,,,Not ICP,Marketing Queue
L-5555,2026-08-01,Quinn,Dunmore,quinndunmore@gmail.example,VP Information Security,exec_buyer_security,Cedar Valley Insurance,ACC-1376,adjacent,NA,12559,Website Chat,,addon,False,chat_engaged@2026-08-06,Disqualified,2026-08-01,2026-08-01,2,,,,Existing Open Opp,SDR - Dana Lopes
L-5556,2026-01-05,Skyler,Rourke,skyler.rourke@prairiefirstcorp.example,Vendor Risk Manager,blocker_procurement,Prairie First Corp,ACC-1068,upper_mid_market,EMEA,8383,Paid Social,,core,False,content_download@2026-01-09,Disqualified,,,,,,,Competitor,Marketing Queue
L-5557,2026-03-19,Riley,Hollis,riley.hollis@bluemesahealth.example,VP Information Security,exec_buyer_security,Blue Mesa Health,ACC-1263,adjacent,NA,28917,Content Download,,addon,False,chat_engaged@2026-03-31|content_download@2026-04-07,Recycled,,,,,,,,Marketing Queue
L-5558,2026-09-26,Casey,Sutter,casey.sutter@ironwoodhub.example,Operations Lead,champion_practitioner,Ironwood Hub,ACC-1302,vertical_b,NA,1044,Paid Social,,addon,False,pricing_page_visit@2026-10-01|team_hiring@2026-10-01,New,,,,,,,,Marketing Queue
L-5559,2026-04-08,Quinn,Marlow,quinn.marlow@mapleleafplay.example,"Director, Risk & Controls",influencer_risk,Maple Leaf Play,ACC-1024,vertical_c,EMEA,1272,Website Chat,,addon,False,chat_engaged@2026-04-15,Recycled,,,,,,,,Marketing Queue
L-5560,2026-04-24,Sage,Kestrel,sage.kestrel@lakeshoreplay.example,"Director, Operations",exec_buyer_ops,Lakeshore Play,ACC-1207,vertical_c,EMEA,2320,Outbound - Social Selling,,addon,False,email_reply_positive@2026-05-08|chat_engaged@2026-05-02,Recycled,2026-04-27,2026-04-29,50,2026-05-02,,,,SDR - Alex Rivera
L-5561,2026-08-11,Casey,Lowry,casey.lowry@westfieldflow.example,"Director, Risk & Controls",influencer_risk,Westfield Flow,ACC-1400,vertical_a,LATAM,1366,Website Chat,,addon,True,chat_engaged@2026-08-14|webinar_attended@2026-08-25|chat_engaged@2026-08-14|email_reply_positive@2026-08-20,Recycled,,,,,,,,Marketing Queue
L-5562,2026-09-23,Jamie,Alder,jamie.alder@arborpay.example,VP Information Security,exec_buyer_security,Arbor Pay,ACC-1093,vertical_a,NA,1933,Content Download,,addon,False,,New,,,,,,,,Marketing Queue
L-5563,2026-09-30,Quinn,Dunmore,quinn.dunmore@falconmarket.example,Operations Analyst,champion_practitioner,Falcon Market,ACC-1440,vertical_b,EMEA,3308,Website Chat,,addon,False,chat_engaged@2026-10-01|webinar_attended@2026-10-01|pricing_page_visit@2026-10-01,New,,,,,,,,Marketing Queue
L-5564,2026-08-10,Rowan,Quill,rowan.quill@clearwatersystems.example,"Director, Revenue Strategy",exec_buyer_primary,Clearwater Systems,ACC-1431,mid_market,NA,171,Content Download,,addon,False,team_hiring@2026-08-19,Recycled,2026-08-12,2026-08-12,1,2026-08-25,,,,SDR - Eli Novak
L-5565,2026-02-04,Parker,Fairbanks,parker.fairbanks@tidewatercloud.example,"Group PM, Core Platform",champion_product,Tidewater Cloud,ACC-1304,vertical_a,NA,383,Outbound - Enrichment,,addon,True,,Recycled,,,,,,,,Marketing Queue
L-5566,2026-04-14,Logan,Ellery,logan.ellery@keystoneflow.example,VP Information Security,exec_buyer_security,Keystone Flow,ACC-1214,vertical_a,NA,472,Content Download,,addon,False,chat_engaged@2026-04-21|content_download@2026-04-18|team_hiring@2026-04-17,Disqualified,2026-04-16,2026-04-16,1,,,,No Use Case,SDR - Eli Novak
L-5567,2026-08-17,Drew,Brooks,drew.brooks@stonebridgeflow.example,"Director, Revenue Strategy",exec_buyer_primary,Stonebridge Flow,ACC-1241,vertical_a,NA,1651,Paid Social,,addon,False,email_reply_positive@2026-09-05|competitor_renewal_window@2026-08-21|chat_engaged@2026-08-27,Working,2026-08-20,2026-08-20,20,,,,,SDR - Dana Lopes
L-5568,2026-04-30,Kendall,Thorne,kendall.thorne@mapleleafconsulting.example,Marketing Coordinator,unknown,Maple Leaf Consulting,ACC-1388,other,EMEA,43,Partner Referral,Partner A,addon,False,,Disqualified,,,,,,,No Use Case,Marketing Queue
L-5569,2026-05-26,Morgan,Alder,morgan.alder@clearwaterflow.example,"Director, Risk & Controls",influencer_risk,Clearwater Flow,ACC-1442,vertical_a,NA,677,Paid Social,,addon,False,champion_job_change@2026-06-08|content_download@2026-06-06,Disqualified,2026-05-29,2026-05-29,4,,,,Not ICP,SDR - Dana Lopes
L-5570,2026-07-16,Riley,Sutter,riley.sutter@riverbendmarket.example,Operations Lead,champion_practitioner,Riverbend Market,ACC-1287,vertical_b,EMEA,3629,Partner Referral,Partner D,addon,False,,Recycled,2026-07-16,2026-07-16,2,,,,,SDR - Fran Moretti
L-5571,2026-07-25,Logan,Quill,logan.quill@highlandco.example,Operations Analyst,champion_practitioner,Highland Co,ACC-1309,small_business,NA,187,Website Chat,,addon,False,chat_engaged@2026-08-08,Recycled,,,,,,,,Marketing Queue
L-5572,2026-02-24,Jamie,Ingram,jamie.ingram@copperstatecloud.example,"Director, Risk & Controls",influencer_risk,Copper State Cloud,ACC-1322,vertical_a,EMEA,1528,Paid Social,,addon,False,demo_request@2026-03-10|content_download@2026-03-07|champion_job_change@2026-03-07,Recycled,2026-02-26,2026-02-26,3,2026-03-12,,,,SDR - Dana Lopes
L-5573,2026-04-03,Riley,Calloway,riley.calloway@pinecrestlabs.example,"Director, Risk & Controls",influencer_risk,Pinecrest Labs,ACC-1385,small_business,NA,182,Outbound - Social Selling,,addon,True,champion_job_change@2026-04-14|email_reply_positive@2026-04-10|champion_job_change@2026-04-12,Disqualified,,,,,,,Not ICP,Marketing Queue
L-5574,2026-06-26,Logan,Jessup,logan.jessup@keystonestudio.example,"Director, Risk & Controls",influencer_risk,Keystone Studio,ACC-1248,small_business,NA,165,Outbound - Social Selling,,addon,False,pricing_page_visit@2026-07-01|champion_job_change@2026-06-26|chat_engaged@2026-07-02,Recycled,,,,,,,,Marketing Queue
L-5575,2026-02-21,Blake,Lowry,blake.lowry@bluemesaworks.example,"VP, Revenue Operations",exec_buyer_primary,Blue Mesa Works,ACC-1038,mid_market,NA,932,Demo Request,,core,True,demo_request@2026-03-01|pricing_page_visit@2026-03-03,Disqualified,,,,,,,No Use Case,Marketing Queue
L-5576,2026-08-19,Avery,Pruitt,avery.pruitt@mapleleafagency.example,Student,unknown,Maple Leaf Agency,ACC-1165,other,EMEA,146,Website Chat,,addon,False,chat_engaged@2026-08-27,Disqualified,,,,,,,Not ICP,Marketing Queue
L-5577,2026-06-05,Quinn,Quill,quinn.quill@falconinsurance.example,"Director, IT Security",exec_buyer_security,Falcon Insurance,ACC-1074,adjacent,NA,21827,Content Download,,addon,False,competitor_renewal_window@2026-06-19|team_hiring@2026-06-22|email_reply_positive@2026-06-23|webinar_attended@2026-06-18,Disqualified,,,,,,,Competitor,Marketing Queue
L-5578,2026-08-13,Blake,Lowry,blake.lowry@ironwoodconsulting.example,Student,unknown,Ironwood Consulting,ACC-1411,other,APAC,241,Event,,addon,False,webinar_attended@2026-08-23,Disqualified,,,,,,,Bad Data,Marketing Queue
L-5579,2026-06-14,Logan,Brooks,logan.brooks@summitridgelabs.example,Senior Operations Manager,champion_practitioner,Summit Ridge Labs,ACC-1049,small_business,NA,254,Demo Request,,addon,False,demo_request@2026-06-25|email_reply_positive@2026-06-21|competitor_renewal_window@2026-06-22,Recycled,2026-06-15,2026-06-15,1,,,,,SDR - Fran Moretti
L-5580,2026-07-05,Taylor,Orwell,taylor.orwell@falconco.example,"Director, Digital Channels",exec_buyer_digital,Falcon Co,ACC-1075,small_business,,152,Demo Request,,addon,True,demo_request@2026-07-23|content_download@2026-07-05|competitor_renewal_window@2026-07-18|pricing_page_visit@2026-07-17,Disqualified,2026-07-08,2026-07-08,3,,,,Duplicate,SDR - Alex Rivera
L-5581,2026-03-07,Jamie,Thorne,jamie.thorne@summitridgeindustries.example,"Director, Risk & Controls",influencer_risk,Summit Ridge Industries,ACC-1364,upper_mid_market,NA,5937,Demo Request,,core,False,demo_request@2026-03-20|pricing_page_visit@2026-03-13,Recycled,2026-03-10,2026-03-10,2,2026-03-13,,,,SDR - Dana Lopes
L-5582,2026-07-19,Skyler,Fairbanks,skyler.fairbanks@lakeshorecollective.example,Office Manager,unknown,Lakeshore Collective,ACC-1412,other,EMEA,430,Outbound - Social Selling,,addon,False,,Recycled,,,,,,,,Marketing Queue
L-5583,2026-07-03,Drew,Alder,drew.alder@prairiefirststack.example,"VP, Revenue Operations",exec_buyer_primary,Prairie First Stack,ACC-1102,vertical_a,EMEA,1746,Demo Request,,addon,False,demo_request@2026-07-19,Converted,2026-07-05,2026-07-05,2,2026-07-15,2026-07-17,OPP-7039,,SDR - Eli Novak
L-5584,2026-02-09,Kendall,Pruitt,kendall.pruitt@meridianlive.example,Head of Operations,exec_buyer_ops,Meridian Live,ACC-1288,vertical_c,NA,815,Webinar,,addon,False,,Disqualified,2026-02-10,2026-02-10,8,,,,Bad Data,SDR - Eli Novak
L-5585,2026-01-20,Riley,Pruitt,riley.pruitt@crescentneo.example,CISO,exec_buyer_security,Crescent Neo,ACC-1076,vertical_a,NA,143,Website Chat,,addon,True,chat_engaged@2026-01-29|content_download@2026-01-23|champion_job_change@2026-01-25|email_reply_positive@2026-01-25,Disqualified,2026-01-22,2026-01-23,30,,,,Duplicate,SDR - Fran Moretti
L-5586,2026-06-27,Taylor,Marlow,taylor.marlow@unionsquareexchange.example,Head of Operations,exec_buyer_ops,Union Square Exchange,ACC-1283,vertical_b,NA,3799,Content Download,,addon,True,webinar_attended@2026-07-12,Recycled,,,,,,,,Marketing Queue
L-5587,2026-02-20,Skyler,Ellery,skyler.ellery@riverbendpartners.example,IT Procurement Lead,blocker_procurement,Riverbend Partners,ACC-1434,upper_mid_market,NA,5848,Event,,addon,True,email_reply_positive@2026-03-08|team_hiring@2026-03-09|webinar_attended@2026-03-01,Recycled,,,,,,,,Marketing Queue
L-5588,2026-09-09,Sage,Brooks,sage.brooks@stonebridgehub.example,"Group PM, Core Platform",champion_product,Stonebridge Hub,ACC-1053,vertical_b,APAC,1723,Outbound - Enrichment,,addon,False,content_download@2026-09-10,New,,,,,,,,Marketing Queue
L-5589,2026-06-14,Rowan,Garrow,rowan.garrow@pinecrestneo.example,"Director, Revenue Strategy",exec_buyer_primary,Pinecrest Neo,ACC-1277,vertical_a,NA,2973,Website Chat,,addon,True,chat_engaged@2026-06-23,Disqualified,,,,,,,No Use Case,Marketing Queue
L-5590,2026-09-22,Quinn,Hollis,quinn.hollis@riverbendpartners.example,"Director, Digital Channels",exec_buyer_digital,Riverbend Partners,ACC-1434,upper_mid_market,NA,5848,Event,,core,True,demo_request@2026-09-28|chat_engaged@2026-10-01,Working,2026-09-22,2026-09-22,1,,,,,SDR - Alex Rivera
L-5591,2026-05-08,Jamie,Thorne,jamie.thorne@riverbendnetwork.example,"Director, Operations",exec_buyer_ops,Riverbend Network,ACC-1148,vertical_b,NA,4949,Event,,addon,True,team_hiring@2026-05-15|champion_job_change@2026-05-20|demo_request@2026-05-12|pricing_page_visit@2026-05-27,Disqualified,2026-05-10,2026-05-10,4,,,,Existing Open Opp,SDR - Dana Lopes
L-5592,2026-04-12,Rowan,Brooks,rowan.brooks@bluemesastudio.example,Chief Risk Officer,influencer_risk,Blue Mesa Studio,ACC-1193,small_business,NA,48,Outbound - Social Selling,,core,True,demo_request@2026-05-02,Converted,2026-04-12,2026-04-12,2,2026-04-26,2026-04-27,OPP-7040,,SDR - Fran Moretti
L-5593,2026-07-27,Drew,Dunmore,drew.dunmore@riverbendgames.example,"Head of Product, Platform",champion_product,Riverbend Games,ACC-1131,vertical_c,LATAM,3460,Paid Social,,addon,False,content_download@2026-08-14,Recycled,,,,,,,,Marketing Queue
L-5594,2026-09-27,Jamie,Brooks,jamie.brooks@prairiefirststack.example,"VP, Revenue Operations",exec_buyer_primary,Prairie First Stack,ACC-1102,vertical_a,EMEA,1746,Website Chat,,addon,False,chat_engaged@2026-09-30,New,,,,,,,,Marketing Queue
L-5595,2026-07-13,Taylor,Garrow,taylor.garrow@sterlingindustries.example,Vendor Risk Manager,blocker_procurement,Sterling Industries,ACC-1223,upper_mid_market,EMEA,3185,Outbound - Social Selling,,core,False,competitor_renewal_window@2026-08-01|demo_request@2026-07-29,Recycled,,,,,,,,Marketing Queue
L-5596,2026-04-17,Sage,Calloway,sage.calloway@summitridgehub.example,"Group PM, Core Platform",champion_product,Summit Ridge Hub,ACC-1179,vertical_b,EMEA,2453,Website Chat,,addon,False,chat_engaged@2026-04-26,Recycled,2026-04-20,2026-04-20,1,,,,,SDR - Eli Novak
L-5597,2026-03-28,Riley,Calloway,riley.calloway@arbormutual.example,IT Procurement Lead,blocker_procurement,Arbor Mutual,ACC-1147,adjacent,NA,15558,Webinar,,addon,False,champion_job_change@2026-03-29,Recycled,,,,,,,,Marketing Queue
L-5598,2026-02-27,Avery,Sutter,avery.sutter@summitridgecorp.example,SVP Digital,exec_buyer_digital,Summit Ridge Corp,ACC-1019,upper_mid_market,NA,6742,Content Download,,core,False,,Disqualified,,,,,,,Not ICP,Marketing Queue
L-5599,2026-07-21,Kendall,Ingram,kendall.ingram@evergreenlabs.example,Senior Operations Manager,champion_practitioner,Evergreen Labs,ACC-1010,small_business,NA,196,Paid Social,,addon,True,team_hiring@2026-08-04|webinar_attended@2026-08-05,Disqualified,,,,,,,No Use Case,Marketing Queue
L-5600,2026-05-31,Jordan,Orwell,jordan.orwell@bayfrontnetwork.example,"Director, Operations",exec_buyer_ops,Bayfront Network,ACC-1114,vertical_b,APAC,1674,Webinar,,addon,True,team_hiring@2026-06-08|pricing_page_visit@2026-06-11|demo_request@2026-06-13|content_download@2026-06-04,Disqualified,,,,,,,Not ICP,Marketing Queue
L-5601,2026-08-08,Rowan,Orwell,rowan.orwell@falconstudio.example,Operations Lead,champion_practitioner,Falcon Studio,ACC-1106,small_business,NA,103,Outbound - Enrichment,,addon,True,competitor_renewal_window@2026-08-22,Recycled,2026-08-09,2026-08-09,4,2026-08-14,,,,SDR - Fran Moretti
L-5602,2026-08-30,Rowan,Ellery,rowan.ellery@evergreensolutions.example,Chief Risk Officer,influencer_risk,Evergreen Solutions,ACC-1401,mid_market,NA,517,Partner Referral,Partner D,addon,True,content_download@2026-09-05,Disqualified,,,,,,,Competitor,Marketing Queue
L-5603,2026-03-26,Logan,Ellery,logan.ellery@crescentcorp.example,"Director, Risk & Controls",influencer_risk,Crescent Corp,ACC-1111,upper_mid_market,NA,8642,Outbound - Enrichment,,core,False,team_hiring@2026-03-31|competitor_renewal_window@2026-03-26|webinar_attended@2026-04-07|pricing_page_visit@2026-04-03,Converted,2026-03-28,2026-03-29,30,2026-04-11,2026-04-14,OPP-7041,,SDR - Eli Novak
L-5604,2026-01-23,Skyler,Calloway,skyler.calloway@cedarvalleyinsurance.example,IT Procurement Lead,blocker_procurement,Cedar Valley Insurance,ACC-1376,adjacent,NA,12559,Demo Request,,addon,False,demo_request@2026-01-23|demo_request@2026-01-24,Recycled,2026-01-24,2026-01-24,4,,,,,SDR - Eli Novak
L-5605,2026-09-05,Quinn,Ellery,quinn.ellery@summitridgesolutions.example,Operations Analyst,champion_practitioner,Summit Ridge Solutions,ACC-1424,mid_market,NA,510,Event,,addon,False,content_download@2026-09-14|chat_engaged@2026-09-22,Working,2026-09-08,2026-09-08,6,,,,,SDR - Fran Moretti
L-5606,2026-02-23,Rowan,Pruitt,,Operations Analyst,champion_practitioner,Falcon Co,ACC-1075,small_business,NA,152,Website Chat,,addon,True,chat_engaged@2026-03-10,Recycled,,,,,,,,Marketing Queue
L-5607,2026-06-27,Casey,Dunmore,casey.dunmore@tidewaterpay.example,Chief Risk Officer,influencer_risk,Tidewater Pay,ACC-1251,vertical_a,NA,2371,Demo Request,,addon,False,demo_request@2026-07-02|pricing_page_visit@2026-07-16|content_download@2026-07-09,Disqualified,,,,,,,No Use Case,Marketing Queue
L-5608,2026-09-15,Taylor,Quill,taylor.quill@westfieldpartners.example,Vendor Risk Manager,blocker_procurement,Westfield Partners,ACC-1181,upper_mid_market,NA,6189,Website Chat,,core,True,chat_engaged@2026-09-20|champion_job_change@2026-09-23,New,,,,,,,,Marketing Queue
L-5609,2026-06-10,Jordan,Ingram,jordan.ingram@pinecrestworks.example,"Director, Revenue Strategy",exec_buyer_primary,Pinecrest Works,ACC-1332,mid_market,NA,1232,Paid Social,,addon,True,team_hiring@2026-06-20,Recycled,,,,,,,,Marketing Queue
L-5610,2026-06-08,Parker,Marlow,parker.marlow@sterlingsolutions.example,Head of Digital Products,exec_buyer_digital,Sterling Solutions,ACC-1005,mid_market,NA,259,Outbound - Enrichment,,addon,True,,Recycled,,,,,,,,Marketing Queue
L-5611,2026-03-13,Drew,Calloway,drew.calloway@unionsquareworks.example,Chief Risk Officer,influencer_risk,Union Square Works,ACC-1208,mid_market,NA,55,Event,,core,True,email_reply_positive@2026-03-19|competitor_renewal_window@2026-03-22,Disqualified,,,,,,,Competitor,Marketing Queue
L-5612,2026-02-28,Cameron,Calloway,cameron.calloway@northgatestudio41.example,Head of Revenue,exec_buyer_primary,Northgate Studio 41,ACC-1415,small_business,,185,Content Download,,core,False,,Recycled,,,,,,,,Marketing Queue
L-5613,2026-02-10,Kendall,Dunmore,kendall.dunmore@arbornetwork.example,Operations Analyst,champion_practitioner,Arbor Network,ACC-1445,vertical_b,NA,3674,Webinar,,addon,False,competitor_renewal_window@2026-03-02|champion_job_change@2026-02-13,Disqualified,,,,,,,Not ICP,Marketing Queue
L-5614,2026-05-04,Morgan,Marlow,morgan.marlow@meridianmarket.example,"Group PM, Core Platform",champion_product,Meridian Market,ACC-1001,vertical_b,NA,310,Content Download,,addon,True,,Recycled,,,,,,,,Marketing Queue
L-5615,2026-09-02,Avery,Calloway,avery.calloway@unionsquarecorp.example,SVP Digital,exec_buyer_digital,Union Square Corp,ACC-1361,upper_mid_market,NA,18318,Paid Social,,core,True,demo_request@2026-09-16|pricing_page_visit@2026-09-18,New,,,,,,,,Marketing Queue
L-5616,2026-02-12,Skyler,Hollis,skyler.hollis@highlandindustries.example,Head of Revenue,exec_buyer_primary,Highland Industries,ACC-1358,upper_mid_market,NA,19986,Content Download,,addon,True,,Recycled,,,,,,,,Marketing Queue
L-5617,2026-05-08,Jordan,Calloway,jordan.calloway@keystoneneo.example,"Director, Risk & Controls",influencer_risk,Keystone Neo,ACC-1128,vertical_a,NA,1772,Partner Referral,Partner A,addon,False,content_download@2026-05-17|pricing_page_visit@2026-05-10,Disqualified,2026-05-11,2026-05-11,2,,,,Not ICP,SDR - Alex Rivera
L-5618,2026-02-07,Cameron,Pruitt,cameron.pruitt@highlandstack.example,Chief Risk Officer,influencer_risk,Highland Stack,ACC-1163,vertical_a,NA,1149,Paid Social,,addon,False,champion_job_change@2026-02-21|champion_job_change@2026-02-22,Disqualified,,,,,,,Not ICP,Marketing Queue
L-5619,2026-08-02,Casey,Marlow,casey.marlow@pinecrestholdings.example,SVP Digital,exec_buyer_digital,Pinecrest Holdings,ACC-1353,enterprise,NA,36285,Outbound - Social Selling,,core,False,champion_job_change@2026-08-14|competitor_renewal_window@2026-08-16|competitor_renewal_window@2026-08-06,Recycled,,,,,,,,Marketing Queue
L-5620,2026-01-12,Riley,Alder,riley.alder@crescentindustries.example,Chief Risk Officer,influencer_risk,Crescent Industries,ACC-1204,upper_mid_market,NA,13253,Outbound - Enrichment,,addon,True,pricing_page_visit@2026-01-16|pricing_page_visit@2026-01-18,Recycled,2026-01-15,2026-01-15,20,2026-01-30,,,,SDR - Bri Okafor
L-5621,2026-08-14,Kendall,Jessup,kendall.jessup@prairiefirstneo.example,VP Information Security,exec_buyer_security,Prairie First Neo,ACC-1249,vertical_a,NA,1921,Outbound - Enrichment,,addon,False,pricing_page_visit@2026-08-29|demo_request@2026-08-25|chat_engaged@2026-08-16|champion_job_change@2026-08-29,Converted,2026-08-15,2026-08-15,20,2026-08-21,2026-08-23,OPP-7042,,SDR - Eli Novak
L-5622,2026-03-08,Casey,Lowry,casey.lowry@bayfrontcountyservices.example,IT Procurement Lead,blocker_procurement,Bayfront County Services,ACC-1219,adjacent,EMEA,10441,Webinar,,addon,False,champion_job_change@2026-03-19,Disqualified,2026-03-10,2026-03-10,20,,,,Bad Data,SDR - Fran Moretti
L-5623,2026-06-28,Kendall,Hollis,kendall.hollis@mapleleafcorp.example,Compliance Officer,influencer_risk,Maple Leaf Corp,ACC-1243,upper_mid_market,APAC,12948,Event,,addon,True,pricing_page_visit@2026-07-08|webinar_attended@2026-07-16,Recycled,,,,,,,,Marketing Queue
L-5624,2026-06-18,Drew,Calloway,drew.calloway@redwoodflow.example,"VP, Revenue Operations",exec_buyer_primary,Redwood Flow,ACC-1384,vertical_a,NA,833,Demo Request,,addon,False,demo_request@2026-07-07,Recycled,,,,,,,,Marketing Queue
L-5625,2026-04-29,Casey,Ingram,casey.ingram@granitepeakgames.example,Chief Risk Officer,influencer_risk,Granite Peak Games,ACC-1242,vertical_c,EMEA,362,Website Chat,,addon,False,chat_engaged@2026-05-16,Recycled,2026-04-30,2026-04-30,4,,,,,SDR - Fran Moretti
L-5626,2026-09-20,Avery,Jessup,avery.jessup@bayfrontpartners.example,Vendor Risk Manager,blocker_procurement,Bayfront Partners,ACC-1099,upper_mid_market,NA,8510,Paid Social,,core,True,team_hiring@2026-10-01,Working,2026-09-23,2026-09-23,2,,,,,SDR - Dana Lopes
L-5627,2026-03-26,Taylor,Thorne,taylor.thorne@evergreencorp.example,Senior Operations Manager,champion_practitioner,Evergreen Corp,ACC-1320,upper_mid_market,NA,13063,Outbound - Social Selling,,core,True,chat_engaged@2026-04-03|competitor_renewal_window@2026-04-03,Recycled,2026-03-26,2026-03-26,2,2026-04-02,,,,SDR - Fran Moretti
L-5628,2026-08-15,Jordan,Jessup,jordan.jessup@arborsolutions.example,SVP Digital,exec_buyer_digital,Arbor Solutions,ACC-1192,mid_market,NA,654,Event,,core,False,champion_job_change@2026-09-03,Recycled,,,,,,,,Marketing Queue
L-5629,2026-02-08,Sage,Fairbanks,sage.fairbanks@granitepeakworks.example,SVP Digital,exec_buyer_digital,Granite Peak Works,ACC-1254,mid_market,NA,946,Webinar,,addon,False,,Recycled,,,,,,,,Marketing Queue
L-5630,2026-02-05,Taylor,Orwell,taylor.orwell@keystonelabs.example,Operations Analyst,champion_practitioner,Keystone Labs,ACC-1252,small_business,NA,87,Partner Referral,Partner D,addon,False,team_hiring@2026-02-09|email_reply_positive@2026-02-07,Recycled,2026-02-05,2026-02-07,50,2026-02-19,,,,SDR - Alex Rivera
L-5631,2026-03-24,Rowan,Alder,rowan.alder@prairiefirstsystems.example,"VP, Revenue Operations",exec_buyer_primary,Prairie First Systems,ACC-1112,mid_market,NA,1290,Webinar,,core,False,champion_job_change@2026-04-05,Disqualified,,,,,,,Competitor,Marketing Queue
L-5632,2026-04-21,Cameron,Quill,cameron.quill@meridianstack.example,"Group PM, Core Platform",champion_product,Meridian Stack,ACC-1301,vertical_a,EMEA,2945,Content Download,,addon,False,demo_request@2026-05-02|chat_engaged@2026-05-09,Converted,2026-04-21,2026-04-21,6,2026-04-28,2026-04-29,OPP-7043,,SDR - Chen Wu
L-5633,2026-06-21,Avery,Orwell,avery.orwell@northgatestudio.example,"VP, Revenue Operations",exec_buyer_primary,Northgate Studio,ACC-1171,small_business,NA,28,Paid Social,,addon,True,content_download@2026-07-05,Recycled,2026-06-21,2026-06-21,1,,,,,SDR - Bri Okafor
L-5634,2026-06-06,Drew,Garrow,drew.garrow@mapleleafconsulting.example,Vendor Risk Manager,blocker_procurement,Maple Leaf Consulting,ACC-1388,other,EMEA,43,Content Download,,addon,False,content_download@2026-06-17|competitor_renewal_window@2026-06-07|webinar_attended@2026-06-24,Disqualified,,,,,,,Not ICP,Marketing Queue
L-5635,2026-06-21,Riley,Alder,riley.alder@westfieldcloud.example,"Director, IT Security",exec_buyer_security,Westfield Cloud,ACC-1255,vertical_a,NA,1188,Outbound - Social Selling,,addon,False,pricing_page_visit@2026-07-06|competitor_renewal_window@2026-07-08|content_download@2026-06-28|chat_engaged@2026-07-10,Disqualified,,,,,,,Not ICP,Marketing Queue
L-5636,2026-03-27,Taylor,Nash,taylor.nash@falconmedia.example,"Head of Product, Platform",champion_product,Falcon Media,ACC-1373,vertical_c,NA,2948,Demo Request,,addon,True,demo_request@2026-04-16,Recycled,2026-03-27,2026-03-27,6,,,,,SDR - Dana Lopes
L-5637,2026-03-07,Emerson,Sutter,emerson.sutter@clearwaterlabs.example,Head of Revenue,exec_buyer_primary,Clearwater Labs,ACC-1409,small_business,NA,204,Website Chat,,core,False,chat_engaged@2026-03-12|demo_request@2026-03-10|chat_engaged@2026-03-14,Recycled,2026-03-10,2026-03-10,2,,,,,SDR - Fran Moretti
L-5638,2026-01-24,Quinn,Alder,quinn.alder@bluemesastudio.example,Head of Digital Products,exec_buyer_digital,Blue Mesa Studio,ACC-1193,small_business,NA,48,Outbound - Social Selling,,core,True,competitor_renewal_window@2026-02-06,Disqualified,,,,,,,Competitor,Marketing Queue
L-5639,2026-01-17,Parker,Hollis,parker.hollis@keystonemedia.example,"Director, Operations",exec_buyer_ops,Keystone Media,ACC-1103,vertical_c,NA,2039,Paid Social,,addon,True,webinar_attended@2026-01-24|competitor_renewal_window@2026-01-17|demo_request@2026-02-04|team_hiring@2026-02-03,Disqualified,2026-01-17,2026-01-17,8,,,,No Use Case,SDR - Fran Moretti
L-5640,2026-06-18,Emerson,Lowry,emerson.lowry@clearwatercloud.example,Head of Revenue,exec_buyer_primary,Clearwater Cloud,ACC-1282,vertical_a,EMEA,2834,Event,,addon,False,team_hiring@2026-06-29,Disqualified,,,,,,,Competitor,Marketing Queue
L-5641,2026-05-14,Emerson,Orwell,emerson.orwell@cedarvalleycountyservices.example,VP Information Security,exec_buyer_security,Cedar Valley County Services,ACC-1221,adjacent,NA,24408,Webinar,,addon,False,champion_job_change@2026-06-03,Recycled,2026-05-14,2026-05-14,8,,,,,SDR - Fran Moretti
L-5642,2026-03-17,Jordan,Quill,,Head of Revenue,exec_buyer_primary,Tidewater Works,ACC-1425,mid_market,NA,281,Content Download,,core,False,team_hiring@2026-03-19|team_hiring@2026-03-20|email_reply_positive@2026-04-03,Disqualified,,,,,,,No Use Case,Marketing Queue
L-5643,2026-07-26,Riley,Hollis,riley.hollis@summitridgeneo.example,"Director, Risk & Controls",influencer_risk,Summit Ridge Neo,ACC-1374,vertical_a,NA,1736,Partner Referral,Partner D,addon,False,champion_job_change@2026-08-08,Disqualified,,,,,,,Not ICP,Marketing Queue
L-5644,2026-09-15,Riley,Garrow,rileygarrow@gmail.example,SVP Digital,exec_buyer_digital,Clearwater Labs,ACC-1409,small_business,NA,204,Webinar,,core,False,content_download@2026-09-22|team_hiring@2026-09-24|webinar_attended@2026-10-01,Converted,2026-09-15,2026-09-15,2,2026-09-18,2026-09-20,OPP-7044,,SDR - Fran Moretti
L-5645,2026-06-29,Kendall,Sutter,kendall.sutter@highlandlabs.example,Chief Risk Officer,influencer_risk,Highland Labs,ACC-1305,small_business,NA,255,Outbound - Enrichment,,core,False,content_download@2026-07-12,Disqualified,,,,,,,No Use Case,Marketing Queue
L-5646,2026-09-04,Avery,Marlow,avery.marlow@oakmontmarket.example,Operations Lead,champion_practitioner,Oakmont Market,ACC-1130,vertical_b,EMEA,1566,Outbound - Enrichment,,addon,False,chat_engaged@2026-09-17|champion_job_change@2026-09-19,New,,,,,,,,Marketing Queue
L-5647,2026-05-10,Kendall,Pruitt,kendall.pruitt@unionsquarecollective.example,Marketing Coordinator,unknown,Union Square Collective,ACC-1047,other,NA,156,Demo Request,,addon,False,demo_request@2026-05-17,Recycled,,,,,,,,Marketing Queue
L-5648,2026-01-19,Quinn,Orwell,quinn.orwell@ironwoodlive.example,Compliance Officer,influencer_risk,Ironwood Live,ACC-1350,vertical_c,EMEA,2160,Partner Referral,Partner D,addon,False,,Recycled,,,,,,,,Marketing Queue
L-5649,2026-09-26,Emerson,Jessup,emerson.jessup@evergreencloud.example,"Group PM, Core Platform",champion_product,Evergreen Cloud,ACC-1299,vertical_a,EMEA,1853,Outbound - Social Selling,,addon,False,,New,,,,,,,,Marketing Queue
L-5650,2026-04-16,Quinn,Marlow,quinn.marlow@copperstatecorp.example,"Director, Revenue Strategy",exec_buyer_primary,Copper State Corp,ACC-1079,upper_mid_market,NA,19143,Outbound - Social Selling,,addon,False,demo_request@2026-04-28,Recycled,,,,,,,,Marketing Queue
L-5651,2026-03-05,Logan,Alder,logan.alder@harborviewmedia.example,"Group PM, Core Platform",champion_product,Harborview Media,ACC-1227,vertical_c,NA,3172,Demo Request,,addon,False,demo_request@2026-03-24,Recycled,,,,,,,,Marketing Queue
L-5652,2026-02-28,Blake,Nash,blake.nash@crescentmedia.example,VP Product,champion_product,Crescent Media,ACC-1188,vertical_c,NA,3750,Outbound - Enrichment,,addon,False,content_download@2026-03-13,Disqualified,,,,,,,No Use Case,Marketing Queue
L-5653,2026-03-07,Emerson,Rourke,emerson.rourke@unionsquarecloud.example,"Director, Revenue Strategy",exec_buyer_primary,Union Square Cloud,ACC-1448,vertical_a,NA,491,Website Chat,,addon,False,chat_engaged@2026-03-13,Converted,2026-03-08,2026-03-08,20,2026-03-10,2026-03-11,OPP-7045,,SDR - Fran Moretti
L-5654,2026-07-14,Sage,Ingram,,Student,unknown,Granite Peak Agency,ACC-1200,other,NA,194,Website Chat,,addon,False,chat_engaged@2026-07-17,Disqualified,,,,,,,No Use Case,Marketing Queue
L-5655,2026-09-06,Blake,Rourke,blake.rourke@riverbendlive.example,Head of Operations,exec_buyer_ops,Riverbend Live,ACC-1339,vertical_c,NA,1059,Outbound - Social Selling,,addon,False,pricing_page_visit@2026-09-18,New,,,,,,,,Marketing Queue
L-5656,2026-09-06,Cameron,Hollis,cameron.hollis@falconmarket.example,"Director, Operations",exec_buyer_ops,Falcon Market,ACC-1440,vertical_b,EMEA,3308,Partner Referral,Partner A,addon,False,webinar_attended@2026-09-26|team_hiring@2026-09-26,New,,,,,,,,Marketing Queue
L-5657,2026-01-19,Jamie,Ellery,jamie.ellery@copperstateexchange.example,"Group PM, Core Platform",champion_product,Copper State Exchange,ACC-1399,vertical_b,EMEA,2840,Content Download,,addon,False,champion_job_change@2026-01-31|competitor_renewal_window@2026-02-07,Recycled,,,,,,,,Marketing Queue
L-5658,2026-09-28,Kendall,Alder,kendall.alder@prairiefirstcollective.example,Marketing Coordinator,unknown,Prairie First Collective,ACC-1080,other,NA,345,Paid Social,,addon,False,chat_engaged@2026-10-01,Enriching,,,,,,,,Marketing Queue
L-5659,2026-07-25,Blake,Thorne,blake.thorne@unionsquareindustries.example,"Director, Risk & Controls",influencer_risk,Union Square Industries,ACC-1189,upper_mid_market,NA,13455,Paid Social,,addon,False,champion_job_change@2026-08-03,Recycled,,,,,,,,Marketing Queue
L-5660,2026-09-02,Parker,Kestrel,parker.kestrel@meridianstack.example,"VP, Revenue Operations",exec_buyer_primary,Meridian Stack,ACC-1301,vertical_a,EMEA,2945,Event,,addon,False,,Working,2026-09-04,2026-09-04,6,,,,,SDR - Chen Wu
L-5661,2026-04-12,Kendall,Ellery,kendall.ellery@mapleleafagency.example,Consultant,unknown,Maple Leaf Agency,ACC-1165,other,EMEA,146,Event,,addon,False,webinar_attended@2026-04-22|email_reply_positive@2026-04-25|content_download@2026-04-20|team_hiring@2026-04-18,Disqualified,,,,,,,Bad Data,Marketing Queue
L-5662,2026-09-28,Reese,Hollis,reese.hollis@arborco.example,Senior Operations Manager,champion_practitioner,Arbor Co,ACC-1104,small_business,NA,283,Webinar,,addon,True,,MQL,2026-10-01,,,,,,,SDR - Fran Moretti
L-5663,2026-06-28,Riley,Marlow,riley.marlow@westfieldlabs.example,Operations Analyst,champion_practitioner,Westfield Labs,ACC-1138,small_business,NA,125,Webinar,,core,False,chat_engaged@2026-07-06,Disqualified,2026-06-30,2026-07-01,30,,,,No Use Case,SDR - Chen Wu
L-5664,2026-09-12,Riley,Ellery,riley.ellery@westfieldgames.example,Head of Operations,exec_buyer_ops,Westfield Games,ACC-1026,vertical_c,NA,508,Demo Request,,addon,False,demo_request@2026-09-22,New,,,,,,,,Marketing Queue
L-5665,2026-05-22,Jordan,Alder,jordan.alder@ironwoodpartners.example,"Director, Revenue Strategy",exec_buyer_primary,Ironwood Partners,ACC-1142,upper_mid_market,NA,1587,Webinar,,addon,True,team_hiring@2026-05-28|demo_request@2026-06-09,Recycled,2026-05-23,2026-05-23,4,2026-06-03,,,,SDR - Chen Wu
L-5666,2026-03-23,Taylor,Rourke,taylor.rourke@highlandgames.example,Compliance Officer,influencer_risk,Highland Games,ACC-1430,vertical_c,EMEA,2549,Website Chat,,addon,False,chat_engaged@2026-03-30|pricing_page_visit@2026-04-04,Recycled,2026-03-25,2026-03-26,30,2026-03-31,,,,SDR - Eli Novak
L-5667,2026-04-27,Jamie,Jessup,jamie.jessup@redwoodco.example,"VP, Revenue Operations",exec_buyer_primary,Redwood Co,ACC-1084,small_business,NA,164,Paid Social,,addon,True,,Disqualified,2026-04-28,2026-04-28,2,,,,Bad Data,SDR - Fran Moretti
L-5668,2026-01-16,Sage,Kestrel,sage.kestrel@riverbendlabs.example,Operations Analyst,champion_practitioner,Riverbend Labs,ACC-1196,small_business,NA,205,Partner Referral,Partner C,addon,False,competitor_renewal_window@2026-01-29,Disqualified,,,,,,,No Use Case,Marketing Queue
L-5669,2026-04-01,Rowan,Ingram,rowan.ingram@meridianneo.example,CISO,exec_buyer_security,Meridian Neo,ACC-1307,vertical_a,NA,775,Outbound - Enrichment,,addon,False,champion_job_change@2026-04-12,Recycled,2026-04-04,2026-04-04,1,,,,,SDR - Dana Lopes
L-5670,2026-07-23,Hayden,Orwell,hayden.orwell@pinecrestcollective.example,Consultant,unknown,Pinecrest Collective,ACC-1365,other,NA,461,Event,,addon,False,demo_request@2026-08-07,Disqualified,,,,,,,Not ICP,Marketing Queue
L-5671,2026-04-01,Cameron,Brooks,cameron.brooks@northgateworks.example,Head of Revenue,exec_buyer_primary,Northgate Works,ACC-1245,mid_market,NA,204,Content Download,,core,True,email_reply_positive@2026-04-20|email_reply_positive@2026-04-07|demo_request@2026-04-13,Converted,2026-04-01,2026-04-01,6,2026-04-17,2026-04-18,OPP-7046,,SDR - Chen Wu
L-5672,2026-05-02,Jamie,Calloway,jamie.calloway@arbornetwork.example,"Director, Operations",exec_buyer_ops,Arbor Network,ACC-1445,vertical_b,NA,3674,Outbound - Enrichment,,addon,False,email_reply_positive@2026-05-04,Disqualified,,,,,,,Competitor,Marketing Queue
L-5673,2026-05-05,Quinn,Rourke,quinn.rourke@stonebridgeneo.example,"VP, Revenue Operations",exec_buyer_primary,Stonebridge Neo,ACC-1216,vertical_a,EMEA,1590,Website Chat,,addon,False,chat_engaged@2026-05-24|chat_engaged@2026-05-07|chat_engaged@2026-05-13,Converted,2026-05-06,2026-05-06,3,2026-05-10,2026-05-10,OPP-7047,,SDR - Chen Wu
L-5674,2026-09-18,Parker,Ellery,parker.ellery@lakeshoremedia.example,Compliance Officer,influencer_risk,Lakeshore Media,ACC-1262,vertical_c,LATAM,684,Partner Referral,Partner A,addon,True,pricing_page_visit@2026-09-19,New,,,,,,,,Marketing Queue
L-5675,2026-08-25,Rowan,Ellery,rowanellery@gmail.example,Head of Revenue,exec_buyer_primary,Lakeshore Co,ACC-1236,small_business,NA,140,Webinar,,addon,True,webinar_attended@2026-08-30|demo_request@2026-08-27,Recycled,,,,,,,,Marketing Queue
L-5676,2026-09-28,Quinn,Quill,quinn.quill@westfieldsystems.example,Senior Operations Manager,champion_practitioner,Westfield Systems,ACC-1268,mid_market,NA,562,Event,,core,True,team_hiring@2026-10-01|email_reply_positive@2026-10-01,MQL,2026-09-30,,,,,,,SDR - Dana Lopes
L-5677,2026-07-15,Taylor,Nash,taylor.nash@arborsolutions.example,Compliance Officer,influencer_risk,Arbor Solutions,ACC-1192,mid_market,NA,654,Website Chat,,addon,False,chat_engaged@2026-07-15,Disqualified,,,,,,,Competitor,Marketing Queue
L-5678,2026-03-18,Cameron,Garrow,cameron.garrow@clearwaternetwork.example,"Director, Operations",exec_buyer_ops,Clearwater Network,ACC-1202,vertical_b,NA,2341,Website Chat,,addon,True,chat_engaged@2026-03-26|competitor_renewal_window@2026-03-30|competitor_renewal_window@2026-04-01,Converted,2026-03-19,2026-03-19,2,2026-03-21,2026-03-24,OPP-7048,,SDR - Alex Rivera
L-5679,2026-07-05,Parker,Calloway,parker.calloway@clearwaterplay.example,Head of Operations,exec_buyer_ops,Clearwater Play,ACC-1306,vertical_c,NA,1348,Partner Referral,Partner D,addon,False,,Recycled,,,,,,,,Marketing Queue
L-5680,2026-02-04,Avery,Orwell,avery.orwell@riverbendstack.example,Compliance Officer,influencer_risk,Riverbend Stack,ACC-1381,vertical_a,NA,2066,Website Chat,,addon,False,chat_engaged@2026-02-15,Converted,2026-02-06,2026-02-06,6,2026-02-20,2026-02-20,OPP-7049,,SDR - Dana Lopes
L-5681,2026-01-23,Morgan,Thorne,morgan.thorne@pinecrestcorp.example,Enterprise Architect,blocker_procurement,Pinecrest Corp,ACC-1390,upper_mid_market,NA,6448,Partner Referral,Partner A,core,True,pricing_page_visit@2026-02-04|champion_job_change@2026-02-06|content_download@2026-01-27|pricing_page_visit@2026-01-29,Converted,2026-01-23,2026-01-23,3,2026-02-03,2026-02-04,OPP-7050,,SDR - Chen Wu
L-5682,2026-02-07,Parker,Dunmore,parker.dunmore@lakeshorestudio.example,Head of Digital Products,exec_buyer_digital,Lakeshore Studio,ACC-1107,small_business,NA,177,Webinar,,addon,True,content_download@2026-02-22|chat_engaged@2026-02-14|competitor_renewal_window@2026-02-12,Disqualified,,,,,,,No Use Case,Marketing Queue
L-5683,2026-06-21,Avery,Nash,avery.nash@sterlingco.example,Chief Risk Officer,influencer_risk,Sterling Co,ACC-1295,small_business,NA,80,Partner Referral,Partner B,addon,False,email_reply_positive@2026-06-29|webinar_attended@2026-06-28,Disqualified,2026-06-24,2026-06-24,1,,,,Duplicate,SDR - Bri Okafor
L-5684,2026-04-27,Blake,Quill,blake.quill@unionsquaresystems.example,"Director, Revenue Strategy",exec_buyer_primary,Union Square Systems,ACC-1284,mid_market,NA,135,Content Download,,addon,True,pricing_page_visit@2026-04-30,Recycled,,,,,,,,Marketing Queue
L-5685,2026-02-07,Parker,Alder,parker.alder@sterlinglive.example,"Head of Product, Platform",champion_product,Sterling Live,ACC-1246,vertical_c,NA,3662,Event,,addon,False,demo_request@2026-02-20|team_hiring@2026-02-20|pricing_page_visit@2026-02-20,Disqualified,2026-02-10,2026-02-11,30,,,,No Use Case,SDR - Bri Okafor
L-5686,2026-03-30,Skyler,Sutter,skyler.sutter@cedarvalleycorp.example,"Director, Digital Channels",exec_buyer_digital,Cedar Valley Corp,ACC-1146,upper_mid_market,NA,11579,Event,,core,False,,Disqualified,2026-03-30,2026-03-30,3,,,,Not ICP,SDR - Fran Moretti
L-5687,2026-01-06,Casey,Jessup,casey.jessup@summitridgeconsulting.example,Marketing Coordinator,unknown,Summit Ridge Consulting,ACC-1077,other,NA,181,Outbound - Social Selling,,addon,False,,Disqualified,,,,,,,Bad Data,Marketing Queue
L-5688,2026-06-12,Logan,Calloway,logan.calloway@cedarvalleystudio.example,"Director, Revenue Strategy",exec_buyer_primary,Cedar Valley Studio,ACC-1020,small_business,NA,205,Event,,core,False,,Disqualified,,,,,,,No Use Case,Marketing Queue
L-5689,2026-05-30,Kendall,Ingram,kendall.ingram@oakmontlabs.example,Head of Digital Products,exec_buyer_digital,Oakmont Labs,ACC-1149,small_business,NA,138,Webinar,,core,True,,Recycled,,,,,,,,Marketing Queue
L-5690,2026-03-29,Jamie,Jessup,jamie.jessup@riverbendflow.example,"Director, Risk & Controls",influencer_risk,Riverbend Flow,ACC-1436,vertical_a,NA,339,Outbound - Social Selling,,addon,False,champion_job_change@2026-04-14|content_download@2026-04-07|team_hiring@2026-04-11,Disqualified,,,,,,,Not ICP,Marketing Queue
L-5691,2026-03-21,Hayden,Nash,hayden.nash@unionsquarecloud.example,"Group PM, Core Platform",champion_product,Union Square Cloud,ACC-1448,vertical_a,NA,491,Demo Request,,addon,False,demo_request@2026-03-25|chat_engaged@2026-03-30|champion_job_change@2026-03-31|webinar_attended@2026-04-05,Recycled,,,,,,,,Marketing Queue
L-5692,2026-01-22,Taylor,Lowry,taylor.lowry@lakeshorestudio.example,Senior Operations Manager,champion_practitioner,Lakeshore Studio,ACC-1107,small_business,NA,177,Event,,addon,True,,Disqualified,,,,,,,No Use Case,Marketing Queue
L-5693,2026-08-23,Hayden,Calloway,hayden.calloway@evergreensolutions.example,Compliance Officer,influencer_risk,Evergreen Solutions,ACC-1401,mid_market,NA,517,Webinar,,core,True,team_hiring@2026-09-02|pricing_page_visit@2026-08-23|pricing_page_visit@2026-08-31,Working,2026-08-24,2026-08-24,4,,,,,SDR - Bri Okafor
L-5694,2026-08-06,Avery,Dunmore,avery.dunmore@stonebridgestudio.example,Consultant,unknown,Stonebridge Studio,ACC-1369,other,NA,453,Website Chat,,addon,False,chat_engaged@2026-08-16|champion_job_change@2026-08-16,Disqualified,,,,,,,Not ICP,Marketing Queue
L-5695,2026-04-15,Blake,Orwell,blake.orwell@copperstateconsulting.example,Marketing Coordinator,unknown,Copper State Consulting,ACC-1271,other,NA,196,Outbound - Enrichment,,addon,False,demo_request@2026-04-29|email_reply_positive@2026-04-24,Disqualified,,,,,,,Bad Data,Marketing Queue
L-5696,2026-08-30,Logan,Ingram,,"Director, Operations",exec_buyer_ops,Granite Peak Games,ACC-1242,vertical_c,EMEA,362,Content Download,,addon,False,webinar_attended@2026-09-13|content_download@2026-09-08|demo_request@2026-09-06,Converted,2026-08-31,2026-09-01,30,2026-09-03,2026-09-03,OPP-7051,,SDR - Eli Novak
L-5697,2026-01-13,Blake,Jessup,blake.jessup@keystonesystems.example,Operations Analyst,champion_practitioner,Keystone Systems,ACC-1416,mid_market,NA,947,Partner Referral,Partner C,addon,False,demo_request@2026-01-28|webinar_attended@2026-01-30,Recycled,,,,,,,,Marketing Queue
L-5698,2026-02-14,Drew,Fairbanks,drew.fairbanks@arborflow.example,"Director, IT Security",exec_buyer_security,Arbor Flow,ACC-1007,vertical_a,NA,1230,Event,,addon,False,competitor_renewal_window@2026-02-14|chat_engaged@2026-02-18,Disqualified,2026-02-17,2026-02-17,4,,,,Not ICP,SDR - Chen Wu
L-5699,2026-02-13,Emerson,Kestrel,emerson.kestrel@pinecrestneo.example,"Group PM, Core Platform",champion_product,Pinecrest Neo,ACC-1277,vertical_a,NA,2973,Webinar,,addon,True,demo_request@2026-02-20|chat_engaged@2026-02-21|pricing_page_visit@2026-02-16,Recycled,,,,,,,,Marketing Queue
L-5700,2026-02-16,Blake,Ingram,blake.ingram@copperstatestudio.example,"Director, Risk & Controls",influencer_risk,Copper State Studio,ACC-1314,small_business,NA,247,Event,,core,True,champion_job_change@2026-02-21|team_hiring@2026-02-22,Recycled,,,,,,,,Marketing Queue
L-5701,2026-09-07,Rowan,Nash,rowan.nash@summitridgepay.example,"VP, Revenue Operations",exec_buyer_primary,Summit Ridge Pay,ACC-1417,vertical_a,NA,1435,Event,,addon,False,,New,,,,,,,,Marketing Queue
L-5702,2026-02-08,Cameron,Garrow,cameron.garrow@northgatepay.example,VP Information Security,exec_buyer_security,Northgate Pay,ACC-1317,vertical_a,NA,1603,Content Download,,addon,False,competitor_renewal_window@2026-02-25|competitor_renewal_window@2026-02-20|champion_job_change@2026-02-28,Disqualified,2026-02-10,2026-02-10,1,,,,Bad Data,SDR - Alex Rivera
L-5703,2026-02-17,Parker,Rourke,parker.rourke@harborviewlabs.example,Operations Analyst,champion_practitioner,Harborview Labs,ACC-1161,small_business,NA,218,Webinar,,addon,True,email_reply_positive@2026-03-06|chat_engaged@2026-03-07|pricing_page_visit@2026-03-04,Recycled,2026-02-17,2026-02-17,8,2026-02-27,,,,SDR - Alex Rivera
L-5704,2026-05-17,Reese,Jessup,reese.jessup@prairiefirststudio.example,"VP, Revenue Operations",exec_buyer_primary,Prairie First Studio,ACC-1153,small_business,NA,180,Outbound - Enrichment,,addon,True,content_download@2026-05-27|team_hiring@2026-05-19|email_reply_positive@2026-05-28|chat_engaged@2026-06-01,Recycled,2026-05-17,2026-05-17,3,,,,,SDR - Chen Wu
L-5705,2026-06-16,Morgan,Hollis,morgan.hollis@crescentcountyservices.example,"Director, Risk & Controls",influencer_risk,Crescent County Services,ACC-1393,adjacent,EMEA,6074,Demo Request,,addon,True,demo_request@2026-07-04,Disqualified,,,,,,,Not ICP,Marketing Queue
L-5706,2026-06-06,Jordan,Ellery,jordan.ellery@sterlingco.example,Compliance Officer,influencer_risk,Sterling Co,ACC-1295,small_business,NA,80,Demo Request,,core,False,demo_request@2026-06-15|team_hiring@2026-06-08|champion_job_change@2026-06-14,Disqualified,2026-06-09,2026-06-09,1,,,,Existing Open Opp,SDR - Bri Okafor
L-5707,2026-05-11,Logan,Dunmore,,Operations Analyst,champion_practitioner,Ironwood Hub,ACC-1302,vertical_b,NA,1044,Demo Request,,addon,False,demo_request@2026-05-31,Recycled,2026-05-12,2026-05-12,3,,,,,SDR - Fran Moretti
L-5708,2026-04-11,Taylor,Thorne,taylor.thorne@mapleleafcollective.example,Office Manager,unknown,Maple Leaf Collective,ACC-1267,other,LATAM,423,Outbound - Social Selling,,addon,False,demo_request@2026-04-24,Disqualified,,,,,,,Student/Job Seeker,Marketing Queue
L-5709,2026-05-22,Kendall,Pruitt,kendallpruitt@gmail.example,"Director, Risk & Controls",influencer_risk,Granite Peak Co,ACC-1296,small_business,NA,23,Content Download,,core,False,chat_engaged@2026-06-04|content_download@2026-06-11,Disqualified,,,,,,,Competitor,Marketing Queue
L-5710,2026-05-12,Rowan,Ellery,rowan.ellery@bayfrontneo.example,"Head of Product, Platform",champion_product,Bayfront Neo,ACC-1297,vertical_a,NA,1096,Webinar,,addon,False,webinar_attended@2026-05-19|demo_request@2026-05-14,Recycled,2026-05-12,2026-05-12,4,,,,,SDR - Bri Okafor
L-5711,2026-03-21,Taylor,Ellery,taylor.ellery@harborviewco.example,"VP, Revenue Operations",exec_buyer_primary,Harborview Co,ACC-1228,small_business,NA,83,Demo Request,,core,False,demo_request@2026-04-03|team_hiring@2026-04-06|content_download@2026-04-04,Converted,2026-03-23,2026-03-23,20,2026-03-25,2026-03-26,OPP-7052,,SDR - Fran Moretti
L-5712,2026-04-19,Reese,Ellery,reese.ellery@silverlinelabs.example,Compliance Officer,influencer_risk,Silverline Labs,ACC-1234,small_business,NA,259,Outbound - Enrichment,,core,False,,Disqualified,,,,,,,Not ICP,Marketing Queue
L-5713,2026-04-29,Rowan,Ingram,rowan.ingram@clearwaterconsulting.example,Enterprise Architect,blocker_procurement,Clearwater Consulting,ACC-1155,other,NA,166,Outbound - Social Selling,,addon,False,content_download@2026-05-14,Recycled,2026-04-30,2026-05-01,30,,,,,SDR - Chen Wu
L-5714,2026-02-24,Riley,Hollis,riley.hollis@mapleleafcollective.example,Student,unknown,Maple Leaf Collective,ACC-1267,other,LATAM,423,Paid Social,,addon,False,email_reply_positive@2026-03-05|team_hiring@2026-02-24|chat_engaged@2026-03-14,Disqualified,,,,,,,Bad Data,Marketing Queue
L-5715,2026-01-06,Quinn,Dunmore,quinn.dunmore@westfieldworks.example,Operations Lead,champion_practitioner,Westfield Works,ACC-1321,mid_market,NA,1427,Webinar,,addon,False,champion_job_change@2026-01-23|team_hiring@2026-01-24|champion_job_change@2026-01-06|competitor_renewal_window@2026-01-12,Disqualified,2026-01-08,2026-01-08,4,,,,Not ICP,SDR - Bri Okafor
L-5716,2026-01-28,Skyler,Pruitt,skyler.pruitt@mapleleafcloud.example,Chief Risk Officer,influencer_risk,Maple Leaf Cloud,ACC-1125,vertical_a,NA,2979,Event,,addon,False,webinar_attended@2026-02-14,Recycled,2026-01-28,2026-01-28,2,,,,,SDR - Bri Okafor
L-5717,2026-02-11,Taylor,Garrow,taylor.garrow@cedarvalleystack.example,CISO,exec_buyer_security,Cedar Valley Stack,ACC-1239,vertical_a,NA,2378,Demo Request,,addon,False,demo_request@2026-02-25|pricing_page_visit@2026-02-18,Disqualified,2026-02-14,2026-02-14,2,,,,Competitor,SDR - Eli Novak
L-5718,2026-05-13,Drew,Rourke,drew.rourke@crescentco.example,Head of Digital Products,exec_buyer_digital,Crescent Co,ACC-1060,small_business,NA,78,Partner Referral,Partner B,core,True,,Recycled,,,,,,,,Marketing Queue
L-5719,2026-02-19,Blake,Fairbanks,blakefairbanks@gmail.example,SVP Digital,exec_buyer_digital,Granite Peak Labs,ACC-1169,small_business,NA,206,Partner Referral,Partner B,core,True,content_download@2026-02-19|team_hiring@2026-03-02|champion_job_change@2026-03-05,Recycled,,,,,,,,Marketing Queue
L-5720,2026-04-06,Jamie,Thorne,jamie.thorne@lakeshoreneo.example,"Head of Product, Platform",champion_product,Lakeshore Neo,ACC-1377,vertical_a,EMEA,2319,Content Download,,addon,False,webinar_attended@2026-04-10|content_download@2026-04-20|demo_request@2026-04-20,Recycled,,,,,,,,Marketing Queue
L-5721,2026-03-24,Jordan,Rourke,jordan.rourke@redwoodindustries.example,Operations Analyst,champion_practitioner,Redwood Industries,ACC-1427,upper_mid_market,NA,15431,Demo Request,,addon,True,demo_request@2026-04-08|team_hiring@2026-03-24|pricing_page_visit@2026-04-04,Converted,2026-03-25,2026-03-25,4,2026-04-02,2026-04-03,OPP-7053,,SDR - Chen Wu
L-5722,2026-06-22,Kendall,Rourke,kendall.rourke@pinecrestcollective.example,IT Procurement Lead,blocker_procurement,Pinecrest Collective,ACC-1365,other,NA,461,Outbound - Social Selling,,addon,False,,Disqualified,,,,,,,Not ICP,Marketing Queue
L-5723,2026-05-18,Emerson,Calloway,emerson.calloway@ironwoodpartners.example,Chief Risk Officer,influencer_risk,Ironwood Partners,ACC-1142,upper_mid_market,NA,1587,Content Download,,core,True,demo_request@2026-05-24|team_hiring@2026-05-27|team_hiring@2026-06-04,Recycled,,,,,,,,Marketing Queue
L-5724,2026-07-26,Quinn,Rourke,quinn.rourke@lakeshoregames.example,Head of Operations,exec_buyer_ops,Lakeshore Games,ACC-1286,vertical_c,NA,3248,Webinar,,addon,True,,Recycled,2026-07-26,2026-07-28,50,,,,,SDR - Chen Wu
L-5725,2026-05-17,Jordan,Nash,jordan.nash@westfieldsystems.example,"Director, Digital Channels",exec_buyer_digital,Westfield Systems,ACC-1268,mid_market,NA,562,Paid Social,,core,True,pricing_page_visit@2026-05-22,Recycled,,,,,,,,Marketing Queue
L-5726,2026-02-10,Quinn,Ingram,quinn.ingram@falconco.example,Operations Lead,champion_practitioner,Falcon Co,ACC-1075,small_business,NA,152,Outbound - Enrichment,,core,True,email_reply_positive@2026-02-12|champion_job_change@2026-02-24,Disqualified,,,,,,,Competitor,Marketing Queue
L-5727,2026-06-19,Riley,Orwell,riley.orwell@cedarvalleyco.example,"Director, Digital Channels",exec_buyer_digital,Cedar Valley Co,ACC-1015,small_business,NA,300,Webinar,,addon,False,chat_engaged@2026-06-21|webinar_attended@2026-07-04,Disqualified,2026-06-19,2026-06-19,3,,,,Existing Open Opp,SDR - Fran Moretti
L-5728,2026-05-18,Casey,Thorne,casey.thorne@riverbendnetwork.example,"Head of Product, Platform",champion_product,Riverbend Network,ACC-1148,vertical_b,NA,4949,Webinar,,addon,True,,Converted,2026-05-18,2026-05-18,3,2026-06-01,2026-06-05,OPP-7054,,SDR - Dana Lopes
L-5729,2026-09-21,Jordan,Alder,jordan.alder@bayfrontpay.example,"Group PM, Core Platform",champion_product,Bayfront Pay,ACC-1240,vertical_a,LATAM,733,Outbound - Enrichment,,addon,False,demo_request@2026-10-01,Working,2026-09-23,2026-09-23,2,,,,,SDR - Bri Okafor
L-5730,2026-03-08,Jamie,Kestrel,jamie.kestrel@lakeshoreplay.example,Head of Operations,exec_buyer_ops,Lakeshore Play,ACC-1207,vertical_c,EMEA,2320,Content Download,,addon,False,content_download@2026-03-24,Recycled,2026-03-09,2026-03-09,20,,,,,SDR - Dana Lopes
L-5731,2026-08-03,Casey,Calloway,casey.calloway@falconstudio.example,"Director, Revenue Strategy",exec_buyer_primary,Falcon Studio,ACC-1106,small_business,NA,103,Partner Referral,Partner D,core,True,demo_request@2026-08-22|email_reply_positive@2026-08-08,Recycled,,,,,,,,Marketing Queue
L-5732,2026-05-18,Taylor,Quill,taylor.quill@northgateindustries.example,"Director, Revenue Strategy",exec_buyer_primary,Northgate Industries,ACC-1270,upper_mid_market,NA,8775,Paid Social,,core,False,pricing_page_visit@2026-06-04|competitor_renewal_window@2026-06-02|webinar_attended@2026-06-03|webinar_attended@2026-05-30,Disqualified,2026-05-18,2026-05-18,3,,,,Bad Data,SDR - Fran Moretti
L-5733,2026-08-01,Jamie,Nash,jamie.nash@granitepeakcloud.example,Compliance Officer,influencer_risk,Granite Peak Cloud,ACC-1342,vertical_a,NA,2205,Paid Social,,addon,False,,Disqualified,,,,,,,No Use Case,Marketing Queue
L-5734,2026-02-16,Reese,Brooks,reese.brooks@oakmontstudio.example,Chief Risk Officer,influencer_risk,Oakmont Studio,ACC-1398,small_business,,81,Outbound - Social Selling,,addon,False,team_hiring@2026-02-25|team_hiring@2026-02-21|champion_job_change@2026-02-27,Recycled,2026-02-17,2026-02-17,6,2026-03-04,,,,SDR - Dana Lopes
L-5735,2026-08-03,Riley,Lowry,riley.lowry@bluemesastudio.example,Chief Risk Officer,influencer_risk,Blue Mesa Studio,ACC-1193,small_business,NA,48,Paid Social,,core,True,email_reply_positive@2026-08-21|email_reply_positive@2026-08-19|demo_request@2026-08-10,Recycled,,,,,,,,Marketing Queue
L-5736,2026-02-05,Jordan,Jessup,jordan.jessup@mapleleafhub.example,Operations Lead,champion_practitioner,Maple Leaf Hub,ACC-1238,vertical_b,NA,396,Event,,addon,False,,Disqualified,2026-02-07,2026-02-07,4,,,,No Use Case,SDR - Alex Rivera
L-5737,2026-04-28,Blake,Brooks,blake.brooks@clearwaternetwork.example,Operations Analyst,champion_practitioner,Clearwater Network,ACC-1202,vertical_b,NA,2341,Webinar,,addon,True,chat_engaged@2026-05-01|competitor_renewal_window@2026-05-14|competitor_renewal_window@2026-05-01,Disqualified,,,,,,,Not ICP,Marketing Queue
L-5738,2026-06-19,Hayden,Brooks,hayden.brooks@lakeshoreplay.example,"Head of Product, Platform",champion_product,Lakeshore Play,ACC-1207,vertical_c,EMEA,2320,Content Download,,addon,False,,Disqualified,,,,,,,Competitor,Marketing Queue
L-5739,2026-08-29,Taylor,Alder,taylor.alder@silverlinecollective.example,Student,unknown,Silverline Collective,ACC-1199,other,NA,28,Partner Referral,Partner D,addon,False,email_reply_positive@2026-08-29|demo_request@2026-09-03,Disqualified,,,,,,,Student/Job Seeker,Marketing Queue
L-5740,2026-09-30,Parker,Pruitt,parker.pruitt@silverlinehealth.example,Vendor Risk Manager,blocker_procurement,Silverline Health,ACC-1428,adjacent,NA,11622,Website Chat,,addon,False,chat_engaged@2026-10-01,New,,,,,,,,Marketing Queue
L-5741,2026-01-06,Jordan,Calloway,jordan.calloway@summitridgestack.example,VP Information Security,exec_buyer_security,Summit Ridge Stack,ACC-1371,vertical_a,APAC,2779,Content Download,,addon,False,champion_job_change@2026-01-10,Recycled,2026-01-08,2026-01-08,2,,,,,SDR - Dana Lopes
L-5742,2026-03-17,Quinn,Garrow,quinn.garrow@pinecrestmarket.example,Head of Operations,exec_buyer_ops,Pinecrest Market,ACC-1175,vertical_b,EMEA,4421,Outbound - Enrichment,,addon,False,,Disqualified,2026-03-20,2026-03-20,6,,,,Not ICP,SDR - Fran Moretti
L-5743,2026-03-12,Hayden,Brooks,hayden.brooks@riverbendstack.example,Chief Risk Officer,influencer_risk,Riverbend Stack,ACC-1381,vertical_a,NA,2066,Partner Referral,Partner D,addon,False,demo_request@2026-03-23|demo_request@2026-03-22|webinar_attended@2026-03-27|team_hiring@2026-03-25,Recycled,,,,,,,,Marketing Queue
L-5744,2026-09-28,Morgan,Alder,morgan.alder@granitepeakhub.example,Head of Operations,exec_buyer_ops,Granite Peak Hub,ACC-1098,vertical_b,NA,4474,Content Download,,addon,True,team_hiring@2026-10-01,MQL,2026-09-29,,,,,,,SDR - Chen Wu
L-5745,2026-01-31,Logan,Dunmore,logan.dunmore@northgatemarket.example,VP Product,champion_product,Northgate Market,ACC-1174,vertical_b,NA,2221,Outbound - Enrichment,,addon,False,pricing_page_visit@2026-02-13,Disqualified,2026-02-01,2026-02-01,4,,,,Student/Job Seeker,SDR - Alex Rivera
L-5746,2026-01-07,Blake,Quill,blake.quill@falconholdings.example,"Director, Digital Channels",exec_buyer_digital,Falcon Holdings,ACC-1123,enterprise,NA,75605,Partner Referral,Partner D,core,True,champion_job_change@2026-01-16|webinar_attended@2026-01-22,Disqualified,,,,,,,Not ICP,Marketing Queue
L-5747,2026-01-14,Reese,Sutter,,Operations Lead,champion_practitioner,Union Square Industries,ACC-1189,upper_mid_market,NA,13455,Website Chat,,addon,False,chat_engaged@2026-01-23,Recycled,,,,,,,,Marketing Queue
L-5748,2026-08-08,Casey,Rourke,casey.rourke@unionsquarecorp.example,Vendor Risk Manager,blocker_procurement,Union Square Corp,ACC-1361,upper_mid_market,NA,18318,Outbound - Enrichment,,core,True,content_download@2026-08-25|competitor_renewal_window@2026-08-10|email_reply_positive@2026-08-17,Recycled,2026-08-08,2026-08-08,6,2026-08-18,,,,SDR - Bri Okafor
L-5749,2026-04-09,Rowan,Sutter,rowan.sutter@mapleleaflive.example,Compliance Officer,influencer_risk,Maple Leaf Live,ACC-1097,vertical_c,NA,1174,Content Download,,addon,False,pricing_page_visit@2026-04-22,Disqualified,2026-04-09,2026-04-11,50,,,,Bad Data,SDR - Alex Rivera
L-5750,2026-04-04,Kendall,Hollis,kendall.hollis@oakmontneo.example,VP Information Security,exec_buyer_security,Oakmont Neo,ACC-1328,vertical_a,NA,1639,Content Download,,addon,False,webinar_attended@2026-04-20,Disqualified,,,,,,,Competitor,Marketing Queue
L-5751,2026-05-30,Avery,Rourke,avery.rourke@redwoodworks.example,Head of Digital Products,exec_buyer_digital,Redwood Works,ACC-1387,mid_market,NA,1050,Website Chat,,addon,True,chat_engaged@2026-06-02|pricing_page_visit@2026-06-17|team_hiring@2026-06-09,Recycled,,,,,,,,Marketing Queue
L-5752,2026-02-21,Avery,Rourke,avery.rourke@tidewaterstack.example,"Director, Risk & Controls",influencer_risk,Tidewater Stack,ACC-1338,vertical_a,NA,2982,Partner Referral,Partner D,addon,False,champion_job_change@2026-03-06|chat_engaged@2026-02-27,Disqualified,,,,,,,Not ICP,Marketing Queue
L-5753,2026-06-26,Rowan,Rourke,rowan.rourke@bluemesamarket.example,Operations Analyst,champion_practitioner,Blue Mesa Market,ACC-1160,vertical_b,LATAM,2010,Demo Request,,addon,False,demo_request@2026-07-04,Disqualified,,,,,,,No Use Case,Marketing Queue
L-5754,2026-03-30,Kendall,Marlow,kendall.marlow@cedarvalleycollective.example,Consultant,unknown,Cedar Valley Collective,ACC-1437,other,NA,147,Outbound - Social Selling,,addon,False,demo_request@2026-03-30|email_reply_positive@2026-04-12,Recycled,2026-04-02,2026-04-04,50,,,,,SDR - Alex Rivera
L-5755,2026-07-16,Kendall,Calloway,kendall.calloway@mapleleafplay.example,"Director, Risk & Controls",influencer_risk,Maple Leaf Play,ACC-1024,vertical_c,EMEA,1272,Partner Referral,Partner A,addon,False,content_download@2026-07-18|content_download@2026-08-05,Disqualified,,,,,,,Competitor,Marketing Queue
L-5756,2026-08-03,Cameron,Hollis,cameron.hollis@stonebridgemedia.example,"Head of Product, Platform",champion_product,Stonebridge Media,ACC-1226,vertical_c,EMEA,3511,Webinar,,addon,False,,Recycled,,,,,,,,Marketing Queue
L-5757,2026-08-22,Avery,Rourke,avery.rourke@northgateco.example,SVP Digital,exec_buyer_digital,Northgate Co,ACC-1083,small_business,NA,225,Webinar,,addon,False,team_hiring@2026-08-26|pricing_page_visit@2026-09-02,Disqualified,,,,,,,No Use Case,Marketing Queue
L-5758,2026-05-19,Drew,Calloway,drew.calloway@arborneo.example,VP Product,champion_product,Arbor Neo,ACC-1289,vertical_a,NA,368,Website Chat,,addon,False,chat_engaged@2026-06-05,Disqualified,2026-05-19,2026-05-19,3,,,,Student/Job Seeker,SDR - Bri Okafor
L-5759,2026-03-01,Avery,Garrow,avery.garrow@highlandstudio.example,Senior Operations Manager,champion_practitioner,Highland Studio,ACC-1176,small_business,NA,287,Outbound - Social Selling,,core,True,chat_engaged@2026-03-15,Recycled,,,,,,,,Marketing Queue
L-5760,2026-08-09,Cameron,Marlow,cameron.marlow@meridianconsulting.example,Consultant,unknown,Meridian Consulting,ACC-1057,other,EMEA,194,Content Download,,addon,False,champion_job_change@2026-08-13|competitor_renewal_window@2026-08-24|email_reply_positive@2026-08-27,Disqualified,,,,,,,Bad Data,Marketing Queue
L-5761,2026-04-01,Rowan,Jessup,rowan.jessup@summitridgestudio.example,Head of Digital Products,exec_buyer_digital,Summit Ridge Studio,ACC-1135,small_business,NA,254,Event,,core,True,,Recycled,,,,,,,,Marketing Queue
L-5762,2026-02-26,Emerson,Pruitt,emerson.pruitt@arborco.example,Chief Risk Officer,influencer_risk,Arbor Co,ACC-1104,small_business,NA,283,Outbound - Enrichment,,core,True,chat_engaged@2026-03-02,Recycled,2026-02-27,2026-02-27,2,,,,,SDR - Chen Wu
L-5763,2026-04-02,Hayden,Hollis,hayden.hollis@evergreenpartners.example,Senior Operations Manager,champion_practitioner,Evergreen Partners,ACC-1265,upper_mid_market,NA,16210,Partner Referral,Partner C,core,True,competitor_renewal_window@2026-04-21|competitor_renewal_window@2026-04-09,Recycled,,,,,,,,Marketing Queue
L-5764,2026-06-27,Blake,Nash,blake.nash@unionsquareagency.example,Office Manager,unknown,Union Square Agency,ACC-1209,other,NA,448,Content Download,,addon,False,competitor_renewal_window@2026-06-27|competitor_renewal_window@2026-07-15,Disqualified,,,,,,,Student/Job Seeker,Marketing Queue
L-5765,2026-05-05,Cameron,Alder,cameron.alder@falconmarket.example,"Head of Product, Platform",champion_product,Falcon Market,ACC-1440,vertical_b,EMEA,3308,Outbound - Enrichment,,addon,False,pricing_page_visit@2026-05-05,Recycled,,,,,,,,Marketing Queue
L-5766,2026-03-27,Logan,Ellery,logan.ellery@clearwatercountyservices.example,Vendor Risk Manager,blocker_procurement,Clearwater County Services,ACC-1167,adjacent,EMEA,14832,Demo Request,,addon,False,demo_request@2026-03-27|champion_job_change@2026-04-13|competitor_renewal_window@2026-03-30|content_download@2026-04-08,Recycled,,,,,,,,Marketing Queue
L-5767,2026-07-27,Jamie,Nash,jamie.nash@clearwatercountyservices.example,Vendor Risk Manager,blocker_procurement,Clearwater County Services,ACC-1167,adjacent,EMEA,14832,Outbound - Social Selling,,addon,False,demo_request@2026-08-13|email_reply_positive@2026-08-04,Disqualified,,,,,,,Not ICP,Marketing Queue
L-5768,2026-01-22,Reese,Ellery,reese.ellery@clearwaterexchange.example,"Group PM, Core Platform",champion_product,Clearwater Exchange,ACC-1435,vertical_b,EMEA,3267,Content Download,,addon,False,email_reply_positive@2026-02-04|content_download@2026-02-07,Disqualified,,,,,,,Competitor,Marketing Queue
L-5769,2026-07-01,Emerson,Calloway,emerson.calloway@unionsquarepartners.example,"Director, Risk & Controls",influencer_risk,Union Square Partners,ACC-1043,upper_mid_market,,19213,Outbound - Social Selling,,addon,False,email_reply_positive@2026-07-15|demo_request@2026-07-21,Recycled,2026-07-04,2026-07-04,4,,,,,SDR - Dana Lopes
L-5770,2026-02-13,Rowan,Rourke,rowan.rourke@silverlineconsulting.example,Student,unknown,Silverline Consulting,ACC-1140,other,NA,383,Demo Request,,addon,False,demo_request@2026-02-28|email_reply_positive@2026-02-28,Disqualified,,,,,,,Not ICP,Marketing Queue
L-5771,2026-09-14,Rowan,Fairbanks,rowan.fairbanks@highlandstack.example,Head of Revenue,exec_buyer_primary,Highland Stack,ACC-1163,vertical_a,NA,1149,Website Chat,,addon,False,chat_engaged@2026-09-24|email_reply_positive@2026-09-14,Working,2026-09-16,2026-09-16,1,,,,,SDR - Dana Lopes
L-5772,2026-08-26,Drew,Rourke,drew.rourke@highlandflow.example,"Director, Risk & Controls",influencer_risk,Highland Flow,ACC-1372,vertical_a,NA,1258,Website Chat,,addon,False,chat_engaged@2026-08-31,Recycled,,,,,,,,Marketing Queue
L-5773,2026-07-25,Kendall,Jessup,kendall.jessup@redwoodnetwork.example,"Head of Product, Platform",champion_product,Redwood Network,ACC-1201,vertical_b,NA,1315,Content Download,,addon,False,,Disqualified,,,,,,,Competitor,Marketing Queue
L-5774,2026-04-28,Rowan,Fairbanks,rowan.fairbanks@northgatenetwork.example,"Group PM, Core Platform",champion_product,Northgate Network,ACC-1404,vertical_b,EMEA,1313,Content Download,,addon,False,chat_engaged@2026-05-08,Recycled,,,,,,,,Marketing Queue
L-5775,2026-06-29,Logan,Fairbanks,logan.fairbanks@westfieldstack.example,"Director, Revenue Strategy",exec_buyer_primary,Westfield Stack,ACC-1247,vertical_a,EMEA,2599,Outbound - Enrichment,,addon,False,,Recycled,,,,,,,,Marketing Queue
L-5776,2026-04-29,Parker,Quill,parker.quill@unionsquareindustries.example,"VP, Revenue Operations",exec_buyer_primary,Union Square Industries,ACC-1189,upper_mid_market,NA,13455,Partner Referral,Partner A,addon,False,team_hiring@2026-05-10|champion_job_change@2026-04-29,Disqualified,2026-05-01,2026-05-02,30,,,,Duplicate,SDR - Bri Okafor
L-5777,2026-09-24,Sage,Kestrel,sage.kestrel@bluemesasolutions.example,Head of Digital Products,exec_buyer_digital,Blue Mesa Solutions,ACC-1156,mid_market,NA,1103,Demo Request,,core,False,demo_request@2026-10-01|competitor_renewal_window@2026-09-29|demo_request@2026-09-30,Working,2026-09-26,2026-09-26,4,,,,,SDR - Dana Lopes
L-5778,2026-06-21,Quinn,Lowry,quinn.lowry@arborconsulting.example,Marketing Coordinator,unknown,Arbor Consulting,ACC-1055,other,NA,323,Content Download,,addon,False,,Disqualified,,,,,,,Bad Data,Marketing Queue
L-5779,2026-08-22,Kendall,Ingram,kendall.ingram@falconsystems.example,Senior Operations Manager,champion_practitioner,Falcon Systems,ACC-1121,mid_market,NA,227,Event,,core,True,,Disqualified,,,,,,,Not ICP,Marketing Queue
L-5780,2026-07-20,Kendall,Ellery,,Consultant,unknown,Westfield Consulting,ACC-1090,other,NA,458,Partner Referral,Partner A,addon,False,email_reply_positive@2026-08-04|email_reply_positive@2026-07-21,Disqualified,,,,,,,Not ICP,Marketing Queue
L-5781,2026-03-16,Logan,Quill,logan.quill@cedarvalleyworks.example,"Director, Revenue Strategy",exec_buyer_primary,Cedar Valley Works,ACC-1205,mid_market,NA,484,Event,,addon,False,team_hiring@2026-03-29|demo_request@2026-03-26,Disqualified,2026-03-17,2026-03-17,3,,,,No Use Case,SDR - Fran Moretti
L-5782,2026-06-27,Riley,Calloway,riley.calloway@keystonehub.example,Senior Operations Manager,champion_practitioner,Keystone Hub,ACC-1143,vertical_b,NA,2410,Outbound - Enrichment,,addon,False,champion_job_change@2026-07-16|content_download@2026-07-02|email_reply_positive@2026-07-01|content_download@2026-07-16,Recycled,2026-06-28,2026-06-28,1,,,,,SDR - Chen Wu
L-5783,2026-05-03,Skyler,Kestrel,skyler.kestrel@unionsquarestudio.example,Head of Revenue,exec_buyer_primary,Union Square Studio,ACC-1327,small_business,NA,275,Demo Request,,addon,False,demo_request@2026-05-23|chat_engaged@2026-05-13|champion_job_change@2026-05-05|webinar_attended@2026-05-03,Recycled,2026-05-04,2026-05-04,2,2026-05-10,,,,SDR - Dana Lopes
L-5784,2026-09-13,Emerson,Orwell,emerson.orwell@falconmutual.example,Vendor Risk Manager,blocker_procurement,Falcon Mutual,ACC-1300,adjacent,NA,23450,Webinar,,addon,True,webinar_attended@2026-09-26,New,,,,,,,,Marketing Queue
L-5785,2026-03-31,Taylor,Fairbanks,taylor.fairbanks@granitepeakmedia.example,VP Product,champion_product,Granite Peak Media,ACC-1187,vertical_c,NA,2826,Event,,addon,False,chat_engaged@2026-04-16,Recycled,2026-04-01,2026-04-01,4,,,,,SDR - Fran Moretti
L-5786,2026-06-10,Sage,Hollis,sage.hollis@highlandnetwork.example,Operations Lead,champion_practitioner,Highland Network,ACC-1003,vertical_b,NA,4877,Demo Request,,addon,False,demo_request@2026-06-12,Recycled,2026-06-13,2026-06-13,8,2026-06-17,,,,SDR - Alex Rivera
L-5787,2026-04-05,Drew,Pruitt,drew.pruitt@silverlineco.example,Operations Lead,champion_practitioner,Silverline Co,ACC-1340,small_business,NA,157,Webinar,,core,False,competitor_renewal_window@2026-04-19|champion_job_change@2026-04-13|champion_job_change@2026-04-22,Disqualified,2026-04-05,2026-04-07,50,,,,Existing Open Opp,SDR - Bri Okafor
L-5788,2026-07-24,Riley,Pruitt,riley.pruitt@falconmedia.example,Chief Risk Officer,influencer_risk,Falcon Media,ACC-1373,vertical_c,NA,2948,Website Chat,,addon,True,chat_engaged@2026-08-07,Recycled,2026-07-27,2026-07-27,4,,,,,SDR - Chen Wu
L-5789,2026-03-25,Logan,Calloway,logan.calloway@arborpay.example,"Director, Revenue Strategy",exec_buyer_primary,Arbor Pay,ACC-1093,vertical_a,NA,1933,Content Download,,addon,False,pricing_page_visit@2026-03-28|team_hiring@2026-04-04,Recycled,2026-03-26,2026-03-26,3,2026-04-02,,,,SDR - Eli Novak
L-5790,2026-06-11,Emerson,Pruitt,emerson.pruitt@arborco.example,Compliance Officer,influencer_risk,Arbor Co,ACC-1104,small_business,NA,283,Paid Social,,addon,True,competitor_renewal_window@2026-07-01,Recycled,2026-06-11,2026-06-11,8,2026-06-17,,,,SDR - Eli Novak
L-5791,2026-04-07,Quinn,Orwell,quinn.orwell@mapleleafco.example,Head of Digital Products,exec_buyer_digital,Maple Leaf Co,ACC-1366,small_business,NA,124,Outbound - Social Selling,,core,False,competitor_renewal_window@2026-04-07|pricing_page_visit@2026-04-25,Recycled,,,,,,,,Marketing Queue
L-5792,2026-04-24,Jamie,Ellery,jamie.ellery@tidewaterco.example,SVP Digital,exec_buyer_digital,Tidewater Co,ACC-1368,small_business,NA,38,Outbound - Social Selling,,core,True,champion_job_change@2026-04-28|email_reply_positive@2026-05-10,Recycled,2026-04-26,2026-04-26,20,,,,,SDR - Alex Rivera
L-5793,2026-09-12,Emerson,Lowry,emerson.lowry@meridianpartners.example,Chief Risk Officer,influencer_risk,Meridian Partners,ACC-1022,upper_mid_market,EMEA,12646,Outbound - Social Selling,,addon,True,email_reply_positive@2026-09-30,New,,,,,,,,Marketing Queue
L-5794,2026-07-25,Reese,Hollis,reese.hollis@oakmontgames.example,"Head of Product, Platform",champion_product,Oakmont Games,ACC-1326,vertical_c,EMEA,865,Website Chat,,addon,False,chat_engaged@2026-07-31|demo_request@2026-08-02,Disqualified,,,,,,,,Marketing Queue
L-5795,2026-03-29,Cameron,Alder,cameron.alder@stonebridgecloud.example,"Director, Risk & Controls",influencer_risk,Stonebridge Cloud,ACC-1034,vertical_a,NA,2929,Content Download,,addon,False,chat_engaged@2026-03-29|pricing_page_visit@2026-04-18|pricing_page_visit@2026-04-16,Recycled,2026-03-30,2026-03-30,1,,,,,SDR - Dana Lopes
L-5796,2026-04-22,Riley,Ellery,riley.ellery@bayfrontpay.example,"Group PM, Core Platform",champion_product,Bayfront Pay,ACC-1240,vertical_a,LATAM,733,Outbound - Social Selling,,addon,False,,Recycled,,,,,,,,Marketing Queue
L-5797,2026-08-02,Morgan,Dunmore,morgan.dunmore@highlandindustries.example,Operations Analyst,champion_practitioner,Highland Industries,ACC-1358,upper_mid_market,NA,19986,Outbound - Social Selling,,core,True,pricing_page_visit@2026-08-03|chat_engaged@2026-08-21,Recycled,,,,,,,,Marketing Queue
L-5798,2026-06-29,Rowan,Kestrel,,"VP, Revenue Operations",exec_buyer_primary,Harborview Co,ACC-1228,small_business,NA,83,Partner Referral,Partner D,core,False,webinar_attended@2026-07-18|webinar_attended@2026-06-30|content_download@2026-07-17|webinar_attended@2026-07-12,Recycled,2026-07-01,2026-07-03,50,2026-07-17,,,,SDR - Chen Wu
L-5799,2026-09-30,Reese,Marlow,reese.marlow@crescentstudio.example,Senior Operations Manager,champion_practitioner,Crescent Studio,ACC-1011,small_business,NA,46,Webinar,,core,False,demo_request@2026-10-01|champion_job_change@2026-10-01|pricing_page_visit@2026-10-01,New,,,,,,,,Marketing Queue
L-5800,2026-07-18,Riley,Hollis,riley.hollis@summitridgehub.example,Operations Analyst,champion_practitioner,Summit Ridge Hub,ACC-1179,vertical_b,EMEA,2453,Demo Request,,addon,False,demo_request@2026-07-24|champion_job_change@2026-07-22|competitor_renewal_window@2026-07-18,Disqualified,2026-07-21,2026-07-21,8,,,,Existing Open Opp,SDR - Bri Okafor
L-5801,2026-05-17,Riley,Lowry,riley.lowry@falconworks.example,"Director, Digital Channels",exec_buyer_digital,Falcon Works,ACC-1433,mid_market,NA,1441,Demo Request,,addon,False,demo_request@2026-05-17|pricing_page_visit@2026-06-01|demo_request@2026-05-30,Recycled,2026-05-18,2026-05-18,1,2026-05-31,,,,SDR - Alex Rivera
L-5802,2026-03-12,Quinn,Alder,quinn.alder@riverbendglobal.example,"Director, IT Security",exec_buyer_security,Riverbend Global,ACC-1211,enterprise,NA,130352,Webinar,,addon,False,email_reply_positive@2026-04-01|chat_engaged@2026-03-22|champion_job_change@2026-03-20,Recycled,2026-03-12,2026-03-12,2,2026-03-19,,,,SDR - Eli Novak
L-5803,2026-08-24,Morgan,Lowry,morgan.lowry@crescentcountyservices.example,Vendor Risk Manager,blocker_procurement,Crescent County Services,ACC-1393,adjacent,EMEA,6074,Event,,addon,True,content_download@2026-09-12,Recycled,,,,,,,,Marketing Queue
L-5804,2026-09-07,Hayden,Alder,hayden.alder@granitepeakflow.example,"Director, Risk & Controls",influencer_risk,Granite Peak Flow,ACC-1126,vertical_a,NA,2040,Demo Request,,addon,False,demo_request@2026-09-21,New,,,,,,,,Marketing Queue
L-5805,2026-04-21,Drew,Calloway,drew.calloway@oakmontsystems.example,"Director, Digital Channels",exec_buyer_digital,Oakmont Systems,ACC-1062,mid_market,NA,1457,Website Chat,,core,False,chat_engaged@2026-05-08|webinar_attended@2026-04-24|competitor_renewal_window@2026-05-03,Recycled,,,,,,,,Marketing Queue
L-5806,2026-02-28,Morgan,Garrow,morgan.garrow@granitepeakmedia.example,"Director, Operations",exec_buyer_ops,Granite Peak Media,ACC-1187,vertical_c,NA,2826,Webinar,,addon,False,chat_engaged@2026-03-10|demo_request@2026-03-14,Disqualified,2026-02-28,2026-03-01,30,,,,Not ICP,SDR - Chen Wu
L-5807,2026-09-13,Rowan,Fairbanks,rowan.fairbanks@copperstateconsulting.example,Consultant,unknown,Copper State Consulting,ACC-1271,other,NA,196,Paid Social,,addon,False,,Disqualified,,,,,,,Student/Job Seeker,Marketing Queue
L-5808,2026-08-12,Blake,Alder,blake.alder@harborviewco.example,Senior Operations Manager,champion_practitioner,Harborview Co,ACC-1228,small_business,NA,83,Paid Social,,core,False,webinar_attended@2026-08-15,Recycled,,,,,,,,Marketing Queue
L-5809,2026-07-25,Parker,Alder,parker.alder@oakmontmarket.example,VP Product,champion_product,Oakmont Market,ACC-1130,vertical_b,,1566,Outbound - Enrichment,,addon,False,chat_engaged@2026-08-05|chat_engaged@2026-08-10|webinar_attended@2026-07-29,Recycled,2026-07-28,2026-07-28,2,2026-08-04,,,,SDR - Alex Rivera
L-5810,2026-09-10,Drew,Brooks,drewbrooks@gmail.example,VP Information Security,exec_buyer_security,Lakeshore Cloud,ACC-1025,vertical_a,NA,691,Outbound - Social Selling,,addon,False,,New,,,,,,,,Marketing Queue
L-5811,2026-01-06,Quinn,Brooks,quinn.brooks@stonebridgecloud.example,Compliance Officer,influencer_risk,Stonebridge Cloud,ACC-1034,vertical_a,NA,2929,Event,,addon,False,chat_engaged@2026-01-16,Disqualified,2026-01-08,2026-01-09,30,,,,Duplicate,SDR - Fran Moretti
L-5812,2026-02-07,Hayden,Marlow,hayden.marlow@bayfrontnetwork.example,Operations Lead,champion_practitioner,Bayfront Network,ACC-1114,vertical_b,APAC,1674,Content Download,,addon,True,competitor_renewal_window@2026-02-10,Converted,2026-02-10,2026-02-10,2,2026-02-19,2026-02-19,OPP-7055,,SDR - Chen Wu
L-5813,2026-04-04,Logan,Thorne,logan.thorne@silverlineglobal.example,VP Information Security,exec_buyer_security,Silverline Global,ACC-1127,enterprise,,83780,Event,,core,True,webinar_attended@2026-04-20,Recycled,,,,,,,,Marketing Queue
L-5814,2026-03-30,Emerson,Rourke,emerson.rourke@bayfrontworks.example,"Director, Risk & Controls",influencer_risk,Bayfront Works,ACC-1421,mid_market,NA,853,Outbound - Enrichment,,addon,False,pricing_page_visit@2026-03-30|webinar_attended@2026-04-13|demo_request@2026-04-15,Disqualified,2026-03-31,2026-03-31,1,,,,Not ICP,SDR - Alex Rivera
L-5815,2026-09-24,Logan,Jessup,logan.jessup@evergreencollective.example,Office Manager,unknown,Evergreen Collective,ACC-1120,other,EMEA,308,Partner Referral,Partner D,addon,False,chat_engaged@2026-09-26|competitor_renewal_window@2026-09-24|email_reply_positive@2026-10-01,New,,,,,,,,Marketing Queue
L-5816,2026-03-16,Jamie,Sutter,jamie.sutter@tidewaterindustries.example,Compliance Officer,influencer_risk,Tidewater Industries,ACC-1133,upper_mid_market,NA,5637,Webinar,,addon,False,competitor_renewal_window@2026-03-27|email_reply_positive@2026-04-01,Converted,2026-03-16,2026-03-18,50,2026-04-01,2026-04-05,OPP-7056,,SDR - Chen Wu
L-5817,2026-02-21,Morgan,Fairbanks,morgan.fairbanks@granitepeakgames.example,"Group PM, Core Platform",champion_product,Granite Peak Games,ACC-1242,vertical_c,EMEA,362,Webinar,,addon,False,team_hiring@2026-03-11|chat_engaged@2026-03-02|team_hiring@2026-02-23,Recycled,,,,,,,,Marketing Queue
L-5818,2026-08-30,Jordan,Sutter,jordan.sutter@stonebridgeneo.example,"VP, Revenue Operations",exec_buyer_primary,Stonebridge Neo,ACC-1216,vertical_a,EMEA,1590,Outbound - Enrichment,,addon,False,competitor_renewal_window@2026-09-19|demo_request@2026-09-07,Converted,2026-08-30,2026-08-30,20,2026-09-07,2026-09-11,OPP-7057,,SDR - Dana Lopes
L-5819,2026-06-24,Rowan,Fairbanks,rowan.fairbanks@crescentcloud.example,"Director, Revenue Strategy",exec_buyer_primary,Crescent Cloud,ACC-1145,vertical_a,NA,2260,Outbound - Enrichment,,addon,False,competitor_renewal_window@2026-07-12,Recycled,,,,,,,,Marketing Queue
L-5820,2026-05-12,Emerson,Alder,emerson.alder@arborsolutions.example,Operations Analyst,champion_practitioner,Arbor Solutions,ACC-1192,mid_market,NA,654,Paid Social,,addon,False,team_hiring@2026-05-12|content_download@2026-05-26|email_reply_positive@2026-05-21|pricing_page_visit@2026-05-14,Disqualified,2026-05-14,2026-05-14,4,,,,Student/Job Seeker,SDR - Alex Rivera
L-5821,2026-05-21,Kendall,Brooks,kendall.brooks@bayfrontstudio.example,"VP, Revenue Operations",exec_buyer_primary,Bayfront Studio,ACC-1257,small_business,NA,139,Partner Referral,Partner D,addon,False,email_reply_positive@2026-05-28,Converted,2026-05-22,2026-05-24,50,2026-06-04,2026-06-04,OPP-7058,,SDR - Alex Rivera
L-5822,2026-04-24,Hayden,Dunmore,hayden.dunmore@prairiefirststudio.example,SVP Digital,exec_buyer_digital,Prairie First Studio,ACC-1153,small_business,NA,180,Demo Request,,addon,True,demo_request@2026-05-05|pricing_page_visit@2026-04-30,Recycled,,,,,,,,Marketing Queue
L-5823,2026-09-23,Cameron,Ingram,cameron.ingram@oakmontmarket.example,VP Product,champion_product,Oakmont Market,ACC-1130,vertical_b,EMEA,1566,Demo Request,,addon,False,demo_request@2026-09-28,Working,2026-09-23,2026-09-23,20,,,,,SDR - Fran Moretti
L-5824,2026-01-19,Parker,Calloway,parker.calloway@riverbendnetwork.example,"Head of Product, Platform",champion_product,Riverbend Network,ACC-1148,vertical_b,NA,4949,Outbound - Enrichment,,addon,True,chat_engaged@2026-02-03,Recycled,2026-01-19,2026-01-21,50,,,,,SDR - Eli Novak
L-5825,2026-05-24,Riley,Hollis,riley.hollis@falconinsurance.example,VP Information Security,exec_buyer_security,Falcon Insurance,ACC-1074,adjacent,NA,21827,Demo Request,,addon,False,demo_request@2026-06-09,Disqualified,,,,,,,No Use Case,Marketing Queue
L-5826,2026-05-12,Rowan,Sutter,rowan.sutter@riverbendlive.example,"Group PM, Core Platform",champion_product,Riverbend Live,ACC-1339,vertical_c,NA,1059,Outbound - Enrichment,,addon,False,email_reply_positive@2026-05-26|content_download@2026-05-28,Recycled,2026-05-14,2026-05-14,6,,,,,SDR - Bri Okafor
L-5827,2026-04-07,Riley,Calloway,riley.calloway@stonebridgestudio.example,Enterprise Architect,blocker_procurement,Stonebridge Studio,ACC-1369,other,NA,453,Website Chat,,addon,False,chat_engaged@2026-04-18|webinar_attended@2026-04-19|demo_request@2026-04-18,Recycled,2026-04-10,2026-04-10,4,,,,,SDR - Fran Moretti
L-5828,2026-09-25,Parker,Alder,parker.alder@riverbendco.example,"Director, Digital Channels",exec_buyer_digital,Riverbend Co,ACC-1064,small_business,NA,11,Paid Social,,addon,True,demo_request@2026-10-01,New,,,,,,,,Marketing Queue
L-5829,2026-01-29,Parker,Nash,parker.nash@keystoneneo.example,"VP, Revenue Operations",exec_buyer_primary,Keystone Neo,ACC-1128,vertical_a,NA,1772,Paid Social,,addon,False,team_hiring@2026-02-06|email_reply_positive@2026-02-17|team_hiring@2026-02-11,Converted,2026-01-29,2026-01-29,6,2026-02-13,2026-02-16,OPP-7059,,SDR - Eli Novak
L-5830,2026-06-17,Sage,Thorne,sagethorne@gmail.example,Compliance Officer,influencer_risk,Copper State Solutions,ACC-1230,mid_market,NA,748,Content Download,,addon,True,,Recycled,2026-06-20,2026-06-20,20,,,,,SDR - Fran Moretti
L-5831,2026-03-01,Hayden,Fairbanks,hayden.fairbanks@riverbendnetwork.example,"Director, Operations",exec_buyer_ops,Riverbend Network,ACC-1148,vertical_b,NA,4949,Outbound - Enrichment,,addon,True,champion_job_change@2026-03-08|demo_request@2026-03-01,Disqualified,2026-03-02,2026-03-03,30,,,,Bad Data,SDR - Dana Lopes
L-5832,2026-02-08,Morgan,Fairbanks,morgan.fairbanks@prairiefirstcorp.example,Compliance Officer,influencer_risk,Prairie First Corp,ACC-1068,upper_mid_market,EMEA,8383,Outbound - Enrichment,,core,False,,Disqualified,,,,,,,Competitor,Marketing Queue
L-5833,2026-07-22,Riley,Pruitt,riley.pruitt@highlandagency.example,Vendor Risk Manager,blocker_procurement,Highland Agency,ACC-1273,other,EMEA,245,Website Chat,,addon,False,chat_engaged@2026-07-22,Disqualified,,,,,,,Student/Job Seeker,Marketing Queue
L-5834,2026-04-03,Emerson,Ellery,emerson.ellery@tidewaterstudio.example,"Director, Digital Channels",exec_buyer_digital,Tidewater Studio,ACC-1100,small_business,NA,222,Event,,addon,True,demo_request@2026-04-11,Disqualified,,,,,,,No Use Case,Marketing Queue
L-5835,2026-02-01,Skyler,Hollis,skyler.hollis@tidewateragency.example,Consultant,unknown,Tidewater Agency,ACC-1056,other,NA,72,Content Download,,addon,False,webinar_attended@2026-02-16,Recycled,,,,,,,,Marketing Queue
L-5836,2026-07-12,Drew,Lowry,drew.lowry@unionsquareflow.example,"Director, Revenue Strategy",exec_buyer_primary,Union Square Flow,ACC-1419,vertical_a,NA,793,Paid Social,,addon,False,pricing_page_visit@2026-07-21|pricing_page_visit@2026-07-15|email_reply_positive@2026-07-19|email_reply_positive@2026-07-22,Converted,2026-07-12,2026-07-12,20,2026-07-24,2026-07-29,OPP-7060,,SDR - Bri Okafor
L-5837,2026-02-13,Emerson,Jessup,emerson.jessup@arbornetwork.example,Head of Operations,exec_buyer_ops,Arbor Network,ACC-1445,vertical_b,NA,3674,Demo Request,,addon,False,demo_request@2026-02-17,Disqualified,,,,,,,Competitor,Marketing Queue
L-5838,2026-07-27,Quinn,Pruitt,quinn.pruitt@copperstatesolutions.example,Operations Analyst,champion_practitioner,Copper State Solutions,ACC-1230,mid_market,NA,748,Content Download,,addon,True,content_download@2026-08-16,Disqualified,,,,,,,No Use Case,Marketing Queue
L-5839,2026-02-05,Skyler,Garrow,skyler.garrow@highlandcorp.example,Vendor Risk Manager,blocker_procurement,Highland Corp,ACC-1335,upper_mid_market,NA,16953,Demo Request,,core,False,demo_request@2026-02-12|demo_request@2026-02-13,Recycled,2026-02-06,2026-02-06,6,,,,,SDR - Chen Wu
L-5840,2026-02-27,Reese,Quill,reese.quill@falconindustries.example,"Director, Revenue Strategy",exec_buyer_primary,Falcon Industries,ACC-1006,upper_mid_market,NA,2923,Partner Referral,Partner A,addon,False,team_hiring@2026-03-13|competitor_renewal_window@2026-03-15,Recycled,,,,,,,,Marketing Queue
L-5841,2026-05-19,Blake,Garrow,blake.garrow@bluemesaco.example,"Director, Risk & Controls",influencer_risk,Blue Mesa Co,ACC-1184,small_business,NA,205,Outbound - Enrichment,,core,False,,Disqualified,,,,,,,No Use Case,Marketing Queue
L-5842,2026-06-18,Sage,Quill,sage.quill@northgatelabs.example,"Director, Digital Channels",exec_buyer_digital,Northgate Labs,ACC-1054,small_business,NA,163,Content Download,,addon,False,chat_engaged@2026-06-22|email_reply_positive@2026-07-02,Recycled,,,,,,,,Marketing Queue
L-5843,2026-03-25,Logan,Ellery,logan.ellery@northgateindustries.example,Vendor Risk Manager,blocker_procurement,Northgate Industries,ACC-1270,upper_mid_market,NA,8775,Website Chat,,addon,False,chat_engaged@2026-04-09,Recycled,,,,,,,,Marketing Queue
L-5844,2026-05-14,Jamie,Sutter,jamie.sutter@meridianlabs.example,Operations Lead,champion_practitioner,Meridian Labs,ACC-1441,small_business,NA,34,Webinar,,core,True,webinar_attended@2026-05-31,Recycled,,,,,,,,Marketing Queue
L-5845,2026-09-17,Taylor,Fairbanks,taylor.fairbanks@mapleleafnetwork.example,Operations Analyst,champion_practitioner,Maple Leaf Network,ACC-1337,vertical_b,,1468,Website Chat,,addon,False,chat_engaged@2026-10-01,SQL,2026-09-18,2026-09-18,3,2026-09-20,,,,SDR - Bri Okafor
L-5846,2026-02-06,Jordan,Alder,jordan.alder@meridianmarket.example,"Director, Operations",exec_buyer_ops,Meridian Market,ACC-1001,vertical_b,NA,310,Partner Referral,Partner D,addon,True,team_hiring@2026-02-09,Recycled,,,,,,,,Marketing Queue
L-5847,2026-03-08,Cameron,Marlow,cameron.marlow@mapleleafco.example,Operations Analyst,champion_practitioner,Maple Leaf Co,ACC-1366,small_business,NA,124,Website Chat,,core,False,chat_engaged@2026-03-14,Recycled,,,,,,,,Marketing Queue
L-5848,2026-09-23,Casey,Garrow,casey.garrow@oakmontneo.example,"Group PM, Core Platform",champion_product,Oakmont Neo,ACC-1328,vertical_a,NA,1639,Website Chat,,addon,False,chat_engaged@2026-10-01|email_reply_positive@2026-10-01,New,,,,,,,,Marketing Queue
L-5849,2026-01-22,Rowan,Fairbanks,rowanfairbanks@gmail.example,Head of Operations,exec_buyer_ops,Northgate Network,ACC-1404,vertical_b,EMEA,1313,Website Chat,,addon,False,chat_engaged@2026-02-05,Recycled,2026-01-24,2026-01-24,20,,,,,SDR - Dana Lopes
L-5850,2026-07-23,Rowan,Lowry,rowan.lowry@cedarvalleycountyservices.example,Enterprise Architect,blocker_procurement,Cedar Valley County Services,ACC-1221,adjacent,NA,24408,Outbound - Enrichment,,addon,False,chat_engaged@2026-07-23,Recycled,2026-07-24,2026-07-24,6,2026-08-02,,,,SDR - Eli Novak
L-5851,2026-01-26,Hayden,Nash,hayden.nash@silverlinepay.example,VP Information Security,exec_buyer_security,Silverline Pay,ACC-1137,vertical_a,LATAM,515,Partner Referral,Partner A,addon,False,email_reply_positive@2026-02-01,Recycled,2026-01-29,2026-01-29,3,2026-02-07,,,,SDR - Dana Lopes
L-5852,2026-09-03,Logan,Nash,logan.nash@bayfrontlabs.example,SVP Digital,exec_buyer_digital,Bayfront Labs,ACC-1285,small_business,NA,252,Partner Referral,Partner D,core,True,chat_engaged@2026-09-14|demo_request@2026-09-14,Working,2026-09-06,2026-09-06,1,,,,,SDR - Alex Rivera
L-5853,2026-07-07,Reese,Calloway,,CISO,exec_buyer_security,Clearwater Stack,ACC-1067,vertical_a,NA,636,Outbound - Social Selling,,addon,False,email_reply_positive@2026-07-25|email_reply_positive@2026-07-12|team_hiring@2026-07-07,Disqualified,,,,,,,No Use Case,Marketing Queue
L-5854,2026-07-08,Parker,Orwell,parker.orwell@evergreensolutions.example,Operations Analyst,champion_practitioner,Evergreen Solutions,ACC-1401,mid_market,NA,517,Event,,core,True,chat_engaged@2026-07-22,Recycled,,,,,,,,Marketing Queue
L-5855,2026-05-28,Quinn,Fairbanks,quinn.fairbanks@summitridgelabs.example,Head of Revenue,exec_buyer_primary,Summit Ridge Labs,ACC-1049,small_business,NA,254,Demo Request,,addon,False,demo_request@2026-06-01|team_hiring@2026-06-05,Recycled,2026-05-28,2026-05-29,30,2026-06-11,,,,SDR - Fran Moretti
L-5856,2026-05-21,Blake,Lowry,blake.lowry@summitridgeneo.example,"Director, Risk & Controls",influencer_risk,Summit Ridge Neo,ACC-1374,vertical_a,NA,1736,Webinar,,addon,False,,Recycled,,,,,,,,Marketing Queue
L-5857,2026-03-18,Morgan,Marlow,morgan.marlow@riverbendco.example,"Director, Digital Channels",exec_buyer_digital,Riverbend Co,ACC-1064,small_business,NA,11,Webinar,,addon,True,champion_job_change@2026-04-02|demo_request@2026-04-05|demo_request@2026-03-19,Converted,2026-03-18,2026-03-19,30,2026-04-03,2026-04-06,OPP-7061,,SDR - Bri Okafor
L-5858,2026-06-21,Morgan,Pruitt,morgan.pruitt@lakeshoregames.example,"Group PM, Core Platform",champion_product,Lakeshore Games,ACC-1286,vertical_c,NA,3248,Paid Social,,addon,True,,Recycled,,,,,,,,Marketing Queue
L-5859,2026-02-20,Cameron,Rourke,cameron.rourke@westfieldco.example,"Director, Revenue Strategy",exec_buyer_primary,Westfield Co,ACC-1231,small_business,NA,36,Webinar,,core,True,chat_engaged@2026-03-04|email_reply_positive@2026-03-03|demo_request@2026-03-07|chat_engaged@2026-02-21,Converted,2026-02-22,2026-02-22,1,2026-03-09,2026-03-09,OPP-7062,,SDR - Alex Rivera
L-5860,2026-08-11,Jordan,Sutter,jordan.sutter@harborviewlabs.example,Head of Revenue,exec_buyer_primary,Harborview Labs,ACC-1161,small_business,,218,Demo Request,,addon,True,demo_request@2026-08-22|webinar_attended@2026-08-25,Working,2026-08-14,2026-08-14,8,,,,,SDR - Chen Wu
L-5861,2026-09-20,Casey,Sutter,casey.sutter@highlandindustries.example,"VP, Revenue Operations",exec_buyer_primary,Highland Industries,ACC-1358,upper_mid_market,NA,19986,Paid Social,,core,True,champion_job_change@2026-09-29|webinar_attended@2026-10-01,New,,,,,,,,Marketing Queue
L-5862,2026-05-27,Parker,Garrow,parker.garrow@tidewatercloud.example,Compliance Officer,influencer_risk,Tidewater Cloud,ACC-1304,vertical_a,NA,383,Outbound - Social Selling,,addon,True,team_hiring@2026-05-29|email_reply_positive@2026-05-31,Converted,2026-05-27,2026-05-27,1,2026-05-29,2026-06-02,OPP-7063,,SDR - Bri Okafor
L-5863,2026-02-09,Skyler,Ellery,skyler.ellery@ironwoodlive.example,Compliance Officer,influencer_risk,Ironwood Live,ACC-1350,vertical_c,EMEA,2160,Outbound - Social Selling,,addon,False,webinar_attended@2026-02-20|competitor_renewal_window@2026-02-17|email_reply_positive@2026-02-16,Disqualified,,,,,,,No Use Case,Marketing Queue
L-5864,2026-04-27,Skyler,Hollis,skyler.hollis@pinecrestco.example,"Director, Revenue Strategy",exec_buyer_primary,Pinecrest Co,ACC-1229,small_business,NA,56,Paid Social,,addon,False,email_reply_positive@2026-05-13|webinar_attended@2026-05-14|content_download@2026-05-02,Converted,2026-04-28,2026-04-30,50,2026-05-07,2026-05-10,OPP-7064,,SDR - Alex Rivera
L-5865,2026-08-22,Quinn,Garrow,quinn.garrow@redwoodnetwork.example,"Head of Product, Platform",champion_product,Redwood Network,ACC-1201,vertical_b,NA,1315,Event,,addon,False,champion_job_change@2026-09-03,Working,2026-08-22,2026-08-24,50,,,,,SDR - Alex Rivera
L-5866,2026-06-12,Riley,Orwell,riley.orwell@riverbendneo.example,"Director, IT Security",exec_buyer_security,Riverbend Neo,ACC-1021,vertical_a,EMEA,77,Website Chat,,addon,False,chat_engaged@2026-06-19|chat_engaged@2026-06-14,Recycled,2026-06-12,2026-06-12,3,2026-06-18,,,,SDR - Alex Rivera
L-5867,2026-04-01,Skyler,Ingram,skyler.ingram@oakmontco.example,Head of Revenue,exec_buyer_primary,Oakmont Co,ACC-1351,small_business,NA,13,Website Chat,,core,True,chat_engaged@2026-04-08,Disqualified,,,,,,,Competitor,Marketing Queue
L-5868,2026-07-06,Morgan,Kestrel,morgan.kestrel@bluemesamarket.example,Operations Lead,champion_practitioner,Blue Mesa Market,ACC-1160,vertical_b,LATAM,2010,Website Chat,,addon,False,chat_engaged@2026-07-07,Recycled,,,,,,,,Marketing Queue
L-5869,2026-08-18,Reese,Brooks,reese.brooks@oakmontco.example,Chief Risk Officer,influencer_risk,Oakmont Co,ACC-1351,small_business,NA,13,Event,,addon,True,,Disqualified,,,,,,,No Use Case,Marketing Queue
L-5870,2026-07-11,Taylor,Jessup,,Enterprise Architect,blocker_procurement,Westfield Partners,ACC-1181,upper_mid_market,NA,6189,Website Chat,,core,True,chat_engaged@2026-07-12|demo_request@2026-07-23|content_download@2026-07-30,Recycled,2026-07-13,2026-07-13,3,,,,,SDR - Eli Novak
L-5871,2026-02-06,Skyler,Thorne,skyler.thorne@sterlingmedia.example,"Director, Operations",exec_buyer_ops,Sterling Media,ACC-1357,vertical_c,NA,2490,Demo Request,,addon,False,demo_request@2026-02-13,Recycled,,,,,,,,Marketing Queue
L-5872,2026-03-21,Jordan,Nash,jordan.nash@oakmontco.example,"Director, Risk & Controls",influencer_risk,Oakmont Co,ACC-1351,small_business,NA,13,Website Chat,,core,True,chat_engaged@2026-03-22,Recycled,,,,,,,,Marketing Queue
L-5873,2026-07-22,Parker,Quill,parker.quill@ironwoodstudio.example,Consultant,unknown,Ironwood Studio,ACC-1030,other,NA,315,Outbound - Social Selling,,addon,False,demo_request@2026-07-29,Disqualified,,,,,,,Competitor,Marketing Queue
L-5874,2026-04-30,Rowan,Fairbanks,,Chief Risk Officer,influencer_risk,Bayfront Neo,ACC-1297,vertical_a,NA,1096,Website Chat,,addon,False,chat_engaged@2026-05-14,Recycled,2026-05-02,2026-05-02,1,2026-05-07,,,,SDR - Dana Lopes
L-5875,2026-02-28,Jordan,Fairbanks,jordan.fairbanks@sterlingcollective.example,Marketing Coordinator,unknown,Sterling Collective,ACC-1094,other,NA,373,Outbound - Social Selling,,addon,False,pricing_page_visit@2026-03-18,Recycled,,,,,,,,Marketing Queue
L-5876,2026-01-21,Avery,Rourke,avery.rourke@meridiansystems.example,SVP Digital,exec_buyer_digital,Meridian Systems,ACC-1035,mid_market,NA,726,Website Chat,,addon,True,chat_engaged@2026-01-22|champion_job_change@2026-01-28,Converted,2026-01-22,2026-01-22,2,2026-01-30,2026-01-31,OPP-7065,,SDR - Chen Wu
L-5877,2026-08-26,Logan,Fairbanks,logan.fairbanks@meridiancorp.example,Chief Risk Officer,influencer_risk,Meridian Corp,ACC-1347,upper_mid_market,NA,5016,Event,,addon,False,email_reply_positive@2026-09-12|competitor_renewal_window@2026-09-05,Converted,2026-08-29,2026-08-29,1,2026-09-13,2026-09-18,OPP-7066,,SDR - Alex Rivera
L-5878,2026-08-27,Drew,Orwell,drew.orwell@pinecresthub.example,Head of Operations,exec_buyer_ops,Pinecrest Hub,ACC-1355,vertical_b,NA,1859,Event,,addon,False,pricing_page_visit@2026-08-29,Recycled,,,,,,,,Marketing Queue
L-5879,2026-03-28,Hayden,Fairbanks,hayden.fairbanks@riverbendcollective.example,Consultant,unknown,Riverbend Collective,ACC-1046,other,,361,Content Download,,addon,False,email_reply_positive@2026-03-28|pricing_page_visit@2026-04-03,Disqualified,2026-03-30,2026-04-01,50,,,,Bad Data,SDR - Eli Novak
L-5880,2026-02-28,Cameron,Kestrel,cameron.kestrel@summitridgeworks.example,Operations Analyst,champion_practitioner,Summit Ridge Works,ACC-1048,mid_market,NA,1160,Demo Request,,addon,True,demo_request@2026-03-17,Recycled,,,,,,,,Marketing Queue
L-5881,2026-02-22,Parker,Rourke,parker.rourke@evergreenhealth.example,Enterprise Architect,blocker_procurement,Evergreen Health,ACC-1360,adjacent,NA,23691,Outbound - Enrichment,,addon,False,demo_request@2026-02-23|champion_job_change@2026-03-01,Recycled,,,,,,,,Marketing Queue
L-5882,2026-09-07,Casey,Fairbanks,casey.fairbanks@copperstatecorp.example,Vendor Risk Manager,blocker_procurement,Copper State Corp,ACC-1079,upper_mid_market,NA,19143,Webinar,,core,False,content_download@2026-09-17|content_download@2026-09-08|chat_engaged@2026-09-23,Working,2026-09-08,2026-09-08,6,,,,,SDR - Bri Okafor
L-5883,2026-02-04,Drew,Pruitt,drew.pruitt@riverbendlive.example,Chief Risk Officer,influencer_risk,Riverbend Live,ACC-1339,vertical_c,NA,1059,Paid Social,,addon,False,,Disqualified,,,,,,,Competitor,Marketing Queue
L-5884,2026-04-15,Taylor,Brooks,taylor.brooks@oakmontagency.example,Office Manager,unknown,Oakmont Agency,ACC-1215,other,NA,145,Website Chat,,addon,False,chat_engaged@2026-04-19|demo_request@2026-05-05,Disqualified,,,,,,,Not ICP,Marketing Queue
L-5885,2026-03-11,Casey,Quill,casey.quill@granitepeakworks.example,Chief Risk Officer,influencer_risk,Granite Peak Works,ACC-1254,mid_market,,946,Demo Request,,core,False,demo_request@2026-03-12,Recycled,,,,,,,,Marketing Queue
L-5886,2026-08-18,Riley,Thorne,riley.thorne@highlandstudio.example,"Director, Revenue Strategy",exec_buyer_primary,Highland Studio,ACC-1176,small_business,NA,287,Outbound - Social Selling,,core,True,team_hiring@2026-09-05,Disqualified,,,,,,,Competitor,Marketing Queue
L-5887,2026-09-02,Logan,Quill,logan.quill@keystonesystems.example,SVP Digital,exec_buyer_digital,Keystone Systems,ACC-1416,mid_market,NA,947,Paid Social,,core,False,demo_request@2026-09-07,Working,2026-09-04,2026-09-04,2,,,,,SDR - Eli Novak
L-5888,2026-03-06,Cameron,Marlow,cameron.marlow@bluemesamedia.example,Chief Risk Officer,influencer_risk,Blue Mesa Media,ACC-1041,vertical_c,NA,2246,Outbound - Enrichment,,addon,False,email_reply_positive@2026-03-07,Disqualified,,,,,,,No Use Case,Marketing Queue
L-5889,2026-07-25,Sage,Marlow,sage.marlow@riverbendlabs.example,Head of Revenue,exec_buyer_primary,Riverbend Labs,ACC-1196,small_business,NA,205,Webinar,,addon,False,,Disqualified,,,,,,,No Use Case,Marketing Queue
L-5890,2026-04-15,Avery,Jessup,avery.jessup@prairiefirstexchange.example,VP Product,champion_product,Prairie First Exchange,ACC-1220,vertical_b,NA,3935,Paid Social,,addon,True,webinar_attended@2026-04-22|team_hiring@2026-04-26,Recycled,,,,,,,,Marketing Queue
L-5891,2026-02-19,Drew,Ellery,drew.ellery@summitridgepartners.example,"Director, Revenue Strategy",exec_buyer_primary,Summit Ridge Partners,ACC-1222,upper_mid_market,APAC,19905,Paid Social,,core,True,content_download@2026-02-25|team_hiring@2026-02-23|champion_job_change@2026-03-11|email_reply_positive@2026-03-01,Disqualified,2026-02-22,2026-02-22,2,,,,Competitor,SDR - Chen Wu
L-5892,2026-07-18,Jamie,Ellery,jamie.ellery@unionsquarelabs.example,"Director, Digital Channels",exec_buyer_digital,Union Square Labs,ACC-1420,small_business,NA,105,Paid Social,,addon,True,email_reply_positive@2026-07-28,Disqualified,,,,,,,Not ICP,Marketing Queue
L-5893,2026-05-05,Jamie,Calloway,jamie.calloway@sterlingpartners.example,Compliance Officer,influencer_risk,Sterling Partners,ACC-1029,upper_mid_market,EMEA,5707,Content Download,,addon,False,webinar_attended@2026-05-06,Recycled,,,,,,,,Marketing Queue
L-5894,2026-07-23,Logan,Ingram,logan.ingram@clearwaterflow.example,CISO,exec_buyer_security,Clearwater Flow,ACC-1442,vertical_a,NA,677,Paid Social,,addon,False,competitor_renewal_window@2026-08-04,Recycled,,,,,,,,Marketing Queue
L-5895,2026-09-03,Morgan,Nash,morgan.nash@sterlingindustries.example,"Director, Risk & Controls",influencer_risk,Sterling Industries,ACC-1223,upper_mid_market,EMEA,3185,Paid Social,,core,False,email_reply_positive@2026-09-15,SQL,2026-09-05,2026-09-05,8,2026-09-18,,,,SDR - Chen Wu
L-5896,2026-06-28,Rowan,Marlow,rowan.marlow@oakmontexchange.example,Head of Operations,exec_buyer_ops,Oakmont Exchange,ACC-1260,vertical_b,NA,4362,Webinar,,addon,True,pricing_page_visit@2026-07-08|champion_job_change@2026-07-16,Disqualified,2026-06-29,2026-06-29,1,,,,Competitor,SDR - Chen Wu
L-5897,2026-03-08,Drew,Rourke,drew.rourke@sterlingnetwork.example,"Head of Product, Platform",champion_product,Sterling Network,ACC-1092,vertical_b,NA,4293,Paid Social,,addon,False,,Disqualified,,,,,,,Not ICP,Marketing Queue
L-5898,2026-02-02,Avery,Alder,avery.alder@sterlingstudio.example,"VP, Revenue Operations",exec_buyer_primary,Sterling Studio,ACC-1158,small_business,NA,236,Outbound - Social Selling,,core,False,webinar_attended@2026-02-16|webinar_attended@2026-02-05,Recycled,,,,,,,,Marketing Queue
L-5899,2026-02-14,Skyler,Fairbanks,skyler.fairbanks@ironwoodworks.example,"Director, Digital Channels",exec_buyer_digital,Ironwood Works,ACC-1072,mid_market,NA,271,Event,,addon,True,competitor_renewal_window@2026-02-16|email_reply_positive@2026-02-22,Recycled,,,,,,,,Marketing Queue
L-9900,2026-03-16,Jamie,Sutter,jamie.sutter@tidewaterindustries.example,Compliance Officer,influencer_risk,Tidewater Industries,ACC-1133,upper_mid_market,NA,5637,Webinar,,addon,False,competitor_renewal_window@2026-03-27|email_reply_positive@2026-04-01,New,,,,,,,,Marketing Queue
L-9901,2026-05-20,Quinn,Pruitt,quinn.pruitt@sterlinggames.example,Chief Risk Officer,influencer_risk,Sterling Games,ACC-1344,vertical_c,NA,2695,Outbound - Social Selling,,addon,True,,New,,,,,,,Competitor,Marketing Queue
L-9902,2026-04-25,Jordan,Nash,jordan.nash@bluemesasolutions.example,"Director, Risk & Controls",influencer_risk,Blue Mesa Solutions,ACC-1156,mid_market,NA,1103,Webinar,,addon,False,competitor_renewal_window@2026-04-25|chat_engaged@2026-05-12|champion_job_change@2026-04-27,New,,,,,,,No Use Case,Marketing Queue
L-9903,2026-03-31,Kendall,Ingram,kendall.ingram@summitridgesolutions.example,Compliance Officer,influencer_risk,Summit Ridge Solutions,ACC-1424,mid_market,NA,510,Website Chat,,addon,False,chat_engaged@2026-04-08,New,,,,,,,,Marketing Queue
L-9904,2026-04-27,Skyler,Hollis,skyler.hollis@pinecrestco.example,"Director, Revenue Strategy",exec_buyer_primary,Pinecrest Co,ACC-1229,small_business,NA,56,Paid Social,,addon,False,email_reply_positive@2026-05-13|webinar_attended@2026-05-14|content_download@2026-05-02,New,,,,,,,,Marketing Queue
L-9905,2026-08-30,Logan,Ingram,,"Director, Operations",exec_buyer_ops,Granite Peak Games,ACC-1242,vertical_c,EMEA,362,Content Download,,addon,False,webinar_attended@2026-09-13|content_download@2026-09-08|demo_request@2026-09-06,New,,,,,,,,Marketing Queue
